Domain,Have_IP,Have_At,URL_Length,URL_Depth,Redirection,https_Domain,TinyURL,Prefix/Suffix,GoogleIndex,DNS,DomainAge,DomainEnd,iFrame,Mouse_Over,Right_Click,Web_Forwards,count-,count@,count?,count%,count.,count=,count-http,count-https,count-www,count-digits,count-letters,Label
graphicriver.net,0,0,1,1,0,0,0,0,0,1,1,1,0,1,1,0,1,0,1,0,1,10,1,0,0,0,107,0
ecnavi.jp,0,0,1,1,1,0,0,0,0,1,1,1,0,1,1,0,1,0,2,2,4,4,2,0,1,22,55,0
hubpages.com,0,0,1,1,0,1,0,0,1,1,1,1,1,1,1,1,3,0,1,2,1,2,1,1,0,2,72,0
extratorrent.cc,0,0,1,3,0,0,0,0,0,1,1,1,1,1,1,1,0,0,0,5,4,0,1,0,0,19,85,0
icicibank.com,0,0,1,3,0,0,0,0,0,1,1,1,1,1,1,0,6,0,1,0,2,1,1,0,0,17,82,0
nypost.com,0,0,1,4,0,0,1,0,0,1,1,1,1,1,1,1,6,0,0,0,1,0,1,0,0,8,63,0
kienthuc.net.vn,0,0,1,2,0,0,0,0,0,1,1,1,0,1,1,0,12,0,0,0,3,0,1,0,0,10,65,0
thenextweb.com,0,0,1,6,0,0,0,0,0,1,1,1,0,1,1,0,14,0,0,0,2,0,1,0,0,8,83,0
tobogo.net,0,0,1,2,0,0,0,0,0,1,1,1,1,1,1,1,0,0,1,0,2,9,1,0,0,5,77,0
akhbarelyom.com,0,0,1,5,0,0,0,0,0,1,1,1,0,1,1,0,1,0,0,22,2,0,1,0,0,30,57,0
tunein.com,0,0,1,5,0,0,0,0,0,1,1,1,0,1,1,1,11,0,0,0,1,0,1,0,0,36,79,0
tune.pk,0,0,1,3,0,1,0,0,0,1,1,1,1,1,1,1,7,0,0,0,1,0,1,1,0,7,68,0
sfglobe.com,0,0,1,4,0,0,0,0,0,1,1,1,1,1,1,1,8,0,1,0,1,1,1,0,0,8,77,0
mic.com,0,0,1,3,0,0,0,0,0,1,1,1,1,1,1,1,7,0,0,0,1,0,1,0,0,8,64,0
thenextweb.com,0,0,1,6,0,0,0,0,0,1,1,1,0,1,1,0,12,0,0,0,2,0,1,0,0,8,101,0
couchtuner.eu.com,0,0,1,3,0,0,0,0,0,1,1,1,1,1,1,1,8,0,0,0,3,0,1,0,0,9,65,0
olx.in,0,0,1,3,0,0,0,0,0,1,1,1,1,1,1,1,10,0,0,0,2,0,1,0,0,4,81,0
venturebeat.com,0,0,1,4,0,0,1,0,0,1,1,1,1,1,1,0,18,0,0,0,1,0,1,0,0,8,94,0
allegro.pl,0,0,1,2,0,0,0,0,0,1,1,1,1,1,1,1,8,0,1,2,2,4,1,0,0,13,74,0
allegro.pl,0,0,1,2,0,0,0,0,0,1,1,1,1,1,1,0,7,0,1,2,2,5,1,0,0,15,72,0
tinnhanh360.net,0,0,1,1,0,0,0,0,0,1,1,1,1,1,1,1,15,0,0,0,2,0,1,0,0,3,70,0
metro.co.uk,0,0,1,4,0,0,0,0,1,1,1,1,1,1,1,1,9,0,0,0,2,0,1,0,0,19,57,0
atwiki.jp,0,0,1,2,0,0,0,0,0,1,1,1,1,1,1,1,0,0,0,22,1,0,1,0,0,11,49,0
emgn.com,0,0,1,2,0,0,0,0,0,1,1,1,1,1,1,1,14,0,0,0,1,0,1,0,0,1,83,0
nguyentandung.org,0,0,1,1,0,0,0,0,0,1,1,1,1,1,1,1,12,0,0,0,2,0,1,0,0,0,71,0
motthegioi.vn,0,0,1,2,0,0,0,0,0,1,1,1,1,1,1,1,17,0,0,0,2,0,1,0,0,8,80,0
spankbang.com,0,0,1,3,0,0,0,0,0,1,1,1,1,1,1,0,0,0,0,0,1,0,1,0,0,2,69,0
torcache.net,0,0,1,2,0,0,0,0,0,1,1,1,1,1,1,0,0,0,1,0,13,1,1,0,0,27,109,0
mic.com,0,0,1,3,0,0,0,0,0,1,1,1,0,1,1,0,10,0,0,0,1,0,1,0,0,6,70,0
thenextweb.com,0,0,1,7,0,0,0,0,0,1,1,1,1,1,1,0,8,0,0,0,2,0,1,0,0,8,87,0
emgn.com,0,0,1,2,0,0,0,0,0,1,1,1,1,1,1,1,10,0,0,0,1,0,1,0,0,1,66,0
depositphotos.com,0,0,1,1,0,0,0,0,1,1,1,1,1,1,1,1,6,0,1,2,3,1,1,0,0,11,86,0
serverfault.com,0,0,1,3,0,0,1,0,1,1,1,1,1,1,1,1,8,0,0,0,1,0,1,0,0,5,70,0
kakaku.com,0,0,1,6,0,0,0,0,0,1,1,1,1,1,1,1,5,0,0,0,1,0,1,0,0,4,70,0
indianexpress.com,0,0,1,4,0,0,0,0,0,1,1,1,1,1,1,1,9,0,0,0,1,0,1,0,0,0,79,0
nypost.com,0,0,1,4,0,0,1,0,1,1,1,1,1,1,1,1,7,0,1,0,1,1,1,0,0,8,71,0
distractify.com,0,0,1,10,0,0,0,0,0,1,1,1,0,1,1,0,0,0,0,0,1,0,1,0,0,21,52,0
sourceforge.net,0,0,1,3,0,0,0,0,0,1,1,1,0,1,1,0,0,0,1,0,1,2,1,0,0,0,75,0
babal.net,0,0,1,4,0,0,0,0,0,1,1,1,1,1,1,1,1,0,0,26,1,0,1,0,0,33,43,0
serverfault.com,0,0,1,3,0,0,1,0,1,1,1,1,0,1,1,0,10,0,0,0,1,0,1,0,0,6,74,0
cookpad.com,0,0,1,1,0,0,0,0,0,1,1,1,1,1,1,1,0,0,1,7,1,1,1,0,0,17,55,0
plarium.com,0,0,1,5,0,0,0,0,0,1,1,1,0,1,1,0,7,0,0,0,1,0,1,0,0,0,72,0
pikabu.ru,0,0,1,3,0,0,0,0,1,1,1,1,1,1,1,1,0,0,0,20,1,0,1,0,0,19,39,0
grantland.com,0,0,1,2,0,0,0,0,0,1,1,1,1,1,1,1,8,0,0,0,1,0,1,0,0,4,84,0
allegro.pl,0,0,1,3,0,0,0,0,0,1,1,1,1,1,1,0,4,0,1,0,2,6,1,0,0,45,109,0
nguyentandung.org,0,0,1,1,0,0,0,0,0,1,1,1,1,1,1,1,13,0,0,0,2,0,1,0,0,0,73,0
allegro.pl,0,0,1,2,0,0,0,0,0,1,1,1,1,1,1,0,7,0,1,2,2,4,1,0,0,11,72,0
europa.eu,0,0,1,6,0,0,0,0,0,1,1,1,1,1,1,1,1,0,0,0,2,0,1,0,0,0,84,0
extratorrent.cc,0,0,1,3,0,0,0,0,0,1,1,1,1,1,1,1,4,0,0,0,2,0,1,0,0,11,58,0
persianblog.ir,0,0,1,4,0,0,0,0,0,1,1,1,1,1,1,1,0,0,0,20,1,0,1,0,0,26,41,0
distractify.com,0,0,1,10,0,0,0,0,0,1,1,1,1,1,1,1,0,0,0,0,1,0,1,0,0,20,53,0
kenh14.vn,0,0,1,2,0,0,0,0,1,1,1,1,0,1,1,0,10,0,0,0,2,0,1,0,0,19,50,0
twitter.com,0,0,1,1,0,1,0,0,0,1,1,1,1,1,1,1,8,0,1,8,2,2,2,1,0,10,150,0
nesn.com,0,0,1,3,0,0,0,0,0,1,1,1,1,1,1,1,9,0,0,0,1,0,1,0,0,6,72,0
fishki.net,0,0,1,1,0,0,0,0,0,1,1,1,1,1,1,0,6,0,1,0,2,1,1,0,0,7,62,0
syosetu.com,0,0,1,3,0,0,0,0,1,1,1,1,1,1,1,1,0,0,1,3,2,6,1,0,0,15,58,0
akhbarelyom.com,0,0,1,5,0,0,0,0,0,1,1,1,0,1,1,0,2,0,0,20,2,0,1,0,0,28,55,0
allegro.pl,0,0,1,1,0,0,0,0,0,1,1,1,1,1,1,0,7,0,0,0,2,0,1,0,0,12,59,0
getpocket.com,0,0,1,1,1,0,1,0,1,1,1,1,1,1,1,1,1,0,1,0,2,2,2,0,0,0,77,0
mylust.com,0,0,1,3,0,0,1,0,1,1,1,1,1,1,1,1,8,0,0,0,1,0,1,0,0,6,66,0
censor.net.ua,0,0,1,3,0,0,0,0,0,1,1,1,0,1,1,0,0,0,0,0,2,0,1,0,0,7,99,0
pornsharing.com,0,0,1,1,0,0,0,0,0,1,1,1,1,1,1,0,13,0,0,0,1,0,1,0,0,5,81,0
genius.com,0,0,1,3,0,0,0,0,0,1,1,1,1,1,1,1,36,0,0,0,1,0,1,0,0,7,167,0
sourceforge.net,0,0,1,3,0,0,0,0,0,1,1,1,0,1,1,0,0,0,1,1,1,2,1,0,0,1,84,0
codecanyon.net,0,0,1,4,0,0,0,0,0,1,1,1,0,1,1,1,6,0,0,0,1,0,1,0,0,6,72,0
qz.com,0,0,1,2,0,0,0,0,0,1,1,1,0,1,1,0,9,0,0,0,1,0,1,0,0,6,62,0
kenh14.vn,0,0,1,2,0,0,0,0,0,1,1,1,0,1,1,0,15,0,0,0,2,0,1,0,0,25,65,0
uproxx.com,0,0,1,4,0,0,1,0,0,1,1,1,1,1,1,1,14,0,0,0,1,0,1,0,0,6,82,0
babal.net,0,0,1,4,0,0,0,0,0,1,1,1,1,1,1,1,6,0,0,60,1,0,1,0,0,73,70,0
mic.com,0,0,1,3,0,0,0,0,1,1,1,1,0,1,1,0,12,0,0,0,1,0,1,0,0,6,89,0
torcache.net,0,0,1,2,0,0,0,0,0,1,1,1,1,1,1,0,0,0,1,0,11,1,1,0,0,33,89,0
paytm.com,0,0,1,2,0,1,0,0,0,1,1,1,1,1,1,1,10,0,1,0,1,1,1,1,0,2,65,0
motthegioi.vn,0,0,1,3,0,0,0,0,0,1,1,1,1,1,1,1,16,0,0,0,2,0,1,0,0,6,80,0
torcache.net,0,0,1,2,0,0,0,0,0,1,1,1,1,1,1,0,0,0,1,0,15,1,1,0,0,33,103,0
thenextweb.com,0,0,1,6,0,0,0,0,0,1,1,1,0,1,1,0,7,0,0,0,2,0,1,0,0,8,86,0
extratorrent.cc,0,0,1,3,0,0,0,0,0,1,1,1,1,1,1,1,0,0,0,0,12,0,1,0,0,12,72,0
genius.com,0,0,1,3,0,0,0,0,0,1,1,1,1,1,1,1,12,0,0,0,1,0,1,0,0,12,103,0
thenextweb.com,0,0,1,5,0,0,0,0,0,1,1,1,0,1,1,0,9,0,0,0,1,0,1,0,0,11,70,0
kienthuc.net.vn,0,0,1,2,0,0,0,0,0,1,1,1,0,1,1,0,12,0,0,0,3,0,1,0,0,10,59,0
sourceforge.net,0,0,1,3,0,0,0,0,0,1,1,1,0,1,1,1,1,0,1,2,1,2,1,0,0,2,107,0
nypost.com,0,0,1,4,0,0,1,0,0,1,1,1,1,1,1,1,7,0,0,0,1,0,1,0,0,8,59,0
ap.org,0,0,1,4,0,0,0,0,0,1,1,1,1,1,1,1,9,0,0,0,1,0,1,0,0,4,72,0
indianexpress.com,0,0,1,4,0,0,0,0,0,1,1,1,1,1,1,1,10,0,0,0,1,0,1,0,0,2,85,0
extratorrent.cc,0,0,1,3,0,0,0,0,0,1,1,1,1,1,1,1,2,0,0,0,9,0,1,0,0,19,64,0
correios.com.br,0,0,1,5,0,0,0,0,0,1,1,1,1,1,1,1,10,0,0,0,2,0,1,0,0,0,99,0
web.de,0,0,1,6,0,0,0,0,0,1,1,1,1,1,1,1,14,0,0,0,1,0,1,0,0,8,130,0
noticias.uol.com.br,0,0,1,6,0,0,0,0,0,1,1,1,1,1,1,1,2,0,1,0,4,1,1,0,0,10,57,0
bdnews24.com,0,0,1,5,0,0,0,0,0,1,1,1,1,1,1,1,10,0,0,0,1,0,1,0,0,13,68,0
kenh14.vn,0,0,1,2,0,0,0,0,0,1,1,1,0,1,1,0,11,0,0,0,2,0,1,0,0,19,58,0
codecanyon.net,0,0,1,4,0,0,0,0,0,1,1,1,1,1,1,1,6,0,0,0,1,0,1,0,0,7,77,0
tunein.com,0,0,1,2,0,0,0,0,0,1,1,1,1,1,1,1,9,0,0,0,1,0,1,0,0,12,58,0
nguyentandung.org,0,0,1,1,0,0,0,0,0,1,1,1,1,1,1,1,12,0,0,0,2,0,1,0,0,0,69,0
kickass.to,0,0,1,1,0,0,0,0,0,1,1,1,1,1,1,0,9,0,0,0,2,0,1,0,0,14,68,0
weathernews.jp,0,0,1,4,0,0,0,0,0,1,1,1,0,1,1,0,0,0,1,0,3,3,1,0,0,17,63,0
atwiki.jp,0,0,1,2,0,0,0,0,0,1,1,1,1,1,1,1,0,0,0,22,1,0,1,0,0,21,39,0
plarium.com,0,0,1,5,0,0,0,0,0,1,1,1,1,1,1,0,6,0,0,0,1,0,1,0,0,0,75,0
chaturbate.com,0,0,1,3,0,1,0,0,0,1,1,1,1,1,1,1,0,0,0,0,1,0,1,1,0,2,68,0
babal.net,0,0,1,4,0,0,0,0,0,1,1,1,1,1,1,1,12,0,0,120,1,0,1,0,0,142,125,0
sberbank.ru,0,0,1,9,0,0,0,0,0,1,1,1,1,1,1,1,2,0,0,0,1,0,1,0,0,0,100,0
torcache.net,0,0,1,2,0,0,0,0,0,1,1,1,1,1,1,0,0,0,1,0,14,1,1,0,0,35,89,0
torcache.net,0,0,1,2,0,0,0,0,0,1,1,1,1,1,1,0,0,0,1,0,8,1,1,0,0,27,80,0
pikabu.ru,0,0,1,3,0,0,0,0,0,1,1,1,1,1,1,1,0,0,0,23,1,0,1,0,0,24,40,0
mirtesen.ru,0,0,1,1,0,0,0,0,0,1,1,1,1,1,1,1,0,0,1,6,2,3,2,0,0,28,83,0
mirtesen.ru,0,0,1,1,0,0,0,0,0,1,1,1,1,1,1,1,1,0,1,7,3,3,2,0,0,41,73,0
distractify.com,0,0,1,10,0,0,0,0,0,1,1,1,0,1,1,0,0,0,0,0,1,0,1,0,0,22,51,0
jalopnik.com,0,0,1,2,0,0,0,0,0,1,1,1,0,1,1,0,10,0,0,0,1,0,1,0,0,7,79,0
techcrunch.com,0,0,1,4,0,0,0,0,0,1,1,1,1,1,1,1,12,0,0,0,1,0,1,0,0,10,82,0
twitter.com,0,0,1,1,0,1,0,0,0,1,1,1,1,1,1,1,1,0,1,98,2,1,2,1,0,135,133,0
torcache.net,0,0,1,2,0,0,0,0,0,1,1,1,1,1,1,0,0,0,1,0,8,1,1,0,0,30,79,0
thenextweb.com,0,0,1,6,0,0,0,0,0,1,1,1,0,1,1,0,7,0,0,0,2,0,1,0,0,8,98,0
arstechnica.com,0,0,1,4,0,0,0,0,0,1,1,1,1,1,1,1,10,0,0,0,1,0,1,0,0,6,84,0
tunein.com,0,0,1,5,0,0,0,0,0,1,1,1,1,1,1,1,12,0,0,0,1,0,1,0,0,36,71,0
torrentdn.com,0,0,1,2,0,0,0,0,0,1,1,1,1,1,1,1,0,0,1,6,2,4,1,0,0,12,55,0
searchengineland.com,0,0,1,1,0,0,0,0,0,1,1,1,1,1,1,0,9,0,0,0,1,0,1,0,0,6,71,0
nesn.com,0,0,1,3,0,0,0,0,0,1,1,1,1,1,1,1,12,0,0,0,1,0,1,0,0,7,71,0
paytm.com,0,0,1,2,0,1,0,0,0,1,1,1,1,1,1,1,10,0,0,0,1,0,1,1,0,0,68,0
torcache.net,0,0,1,2,0,0,0,0,0,1,1,1,1,1,1,0,0,0,1,0,9,1,1,0,0,34,84,0
metro.co.uk,0,0,1,4,0,0,0,0,0,1,1,1,1,1,1,1,18,0,0,0,2,0,1,0,0,20,97,0
censor.net.ua,0,0,1,14,0,0,0,0,0,1,1,1,0,1,1,0,0,0,0,0,2,0,1,0,0,7,63,0
depositphotos.com,0,0,1,1,0,0,0,0,0,1,1,1,1,1,1,1,6,0,1,2,3,1,1,0,0,10,78,0
thenextweb.com,0,0,1,6,0,0,0,0,0,1,1,1,0,1,1,0,10,0,0,0,2,0,1,0,0,8,70,0
putlocker.is,0,0,1,1,0,0,0,0,0,1,1,1,1,1,1,1,11,0,0,0,2,0,1,0,0,0,74,0
tunein.com,0,0,1,5,0,0,0,0,0,1,1,1,1,1,1,1,5,0,0,0,1,0,1,0,0,32,53,0
lifehacker.com,0,0,1,2,0,0,0,0,0,1,1,1,0,1,1,0,10,0,0,0,1,0,1,0,0,11,71,0
extratorrent.cc,0,0,1,3,0,0,0,0,0,1,1,1,1,1,1,1,0,0,0,0,7,0,1,0,0,14,60,0
mylust.com,0,0,1,3,0,0,1,0,0,1,1,1,1,1,1,1,10,0,0,0,1,0,1,0,0,5,68,0
buzzfil.net,0,0,1,3,0,0,0,0,0,1,1,1,1,1,1,1,11,0,0,0,2,0,1,0,0,3,64,0
censor.net.ua,0,0,1,3,0,0,0,0,0,1,1,1,0,1,1,0,0,0,0,0,2,0,1,0,0,6,96,0
ap.org,0,0,1,4,0,0,0,0,0,1,1,1,1,1,1,0,9,0,0,0,1,0,1,0,0,4,72,0
akhbarelyom.com,0,0,1,5,0,0,0,0,0,1,1,1,0,1,1,0,2,0,0,20,2,0,1,0,0,30,53,0
sourceforge.net,0,0,1,3,0,0,0,0,0,1,1,1,0,1,1,0,1,0,1,4,1,2,1,0,0,6,125,0
kakaku.com,0,0,1,6,0,0,0,0,0,1,1,1,1,1,1,1,4,0,0,0,1,0,1,0,0,4,64,0
jezebel.com,0,0,1,2,0,0,0,0,0,1,1,1,0,1,1,0,8,0,0,0,1,0,1,0,0,10,71,0
grantland.com,0,0,1,2,0,0,0,0,0,1,1,1,0,1,1,0,8,0,0,0,1,0,1,0,0,3,72,0
gov.uk,0,0,1,3,0,1,0,0,0,1,1,1,1,1,1,1,10,0,0,0,2,0,1,1,1,0,87,0
emgn.com,0,0,1,2,0,0,0,0,0,1,1,1,1,1,1,1,12,0,0,0,1,0,1,0,0,2,83,0
bdnews24.com,0,0,1,5,0,0,0,0,0,1,1,1,1,1,1,1,9,0,0,0,1,0,1,0,0,10,75,0
web.de,0,0,1,5,0,0,0,0,0,1,1,1,0,1,1,0,7,0,0,0,1,0,1,0,0,9,80,0
extratorrent.cc,0,0,1,3,0,0,0,0,0,1,1,1,1,1,1,1,3,0,0,1,2,0,1,0,0,10,63,0
torcache.net,0,0,1,2,0,0,0,0,0,1,1,1,1,1,1,0,0,0,1,0,10,1,1,0,0,35,76,0
twitter.com,0,0,1,1,0,1,0,0,0,1,1,1,1,1,1,1,11,0,1,5,2,2,2,1,0,5,169,0
seekingalpha.com,0,0,1,2,0,0,0,0,0,1,1,1,1,1,1,0,9,0,0,0,1,0,1,0,0,8,66,0
web.tv,0,0,1,8,0,0,0,0,0,1,1,1,1,1,1,1,0,0,0,0,1,0,1,0,0,2,75,0
indianexpress.com,0,0,1,4,0,0,0,0,0,1,1,1,1,1,1,1,10,0,0,0,1,0,1,0,0,2,88,0
web.de,0,0,1,5,0,0,0,0,0,1,1,1,0,1,1,0,9,0,0,0,1,0,1,0,0,10,85,0
olx.co.id,0,0,1,7,0,0,1,0,0,1,1,1,1,1,1,1,4,0,0,0,2,0,1,0,0,1,86,0
mylust.com,0,0,1,3,0,0,1,0,0,1,1,1,1,1,1,1,11,0,0,0,1,0,1,0,0,6,77,0
babal.net,0,0,1,4,0,0,0,0,0,1,1,1,1,1,1,1,3,0,0,44,1,0,1,0,0,54,58,0
techcrunch.com,0,0,1,4,0,0,0,0,0,1,1,1,1,1,1,1,14,0,0,0,1,0,1,0,0,8,82,0
distractify.com,0,0,1,10,0,0,0,0,0,1,1,1,0,1,1,0,0,0,0,0,1,0,1,0,0,22,51,0
kakaku.com,0,0,1,6,0,0,0,0,0,1,1,1,1,1,1,1,5,0,0,0,1,0,1,0,0,4,71,0
metro.co.uk,0,0,1,4,0,0,0,0,0,1,1,1,1,1,1,1,11,0,0,0,2,0,1,0,0,15,67,0
kienthuc.net.vn,0,0,1,2,0,0,0,0,0,1,1,1,0,1,1,0,17,0,0,0,3,0,1,0,0,12,77,0
web.de,0,0,1,5,0,0,0,0,0,1,1,1,0,1,1,0,5,0,0,0,1,0,1,0,0,8,73,0
thenextweb.com,0,0,1,6,0,0,0,0,0,1,1,1,0,1,1,0,17,0,0,0,2,0,1,0,0,10,112,0
gov.uk,0,0,1,3,0,1,0,0,0,1,1,1,1,1,1,0,6,0,0,0,2,0,1,1,1,0,74,0
olx.ua,0,0,1,4,0,0,0,0,0,1,1,1,1,1,1,1,1,0,0,14,2,0,1,0,0,22,66,0
olx.pl,0,0,1,3,0,0,0,0,0,1,1,1,1,1,1,1,1,0,0,0,2,0,1,0,0,10,64,0
babal.net,0,0,1,3,0,0,0,0,0,1,1,1,1,1,1,1,1,0,0,24,1,0,1,0,0,28,40,0
correios.com.br,0,0,1,4,0,0,0,0,0,1,1,1,1,1,1,1,8,0,0,0,2,0,1,0,0,0,83,0
myspace.com,0,0,1,5,0,1,0,0,0,1,1,1,1,1,1,1,6,0,0,0,1,0,1,1,0,7,68,0
indianexpress.com,0,0,1,3,0,0,0,0,0,1,1,1,1,1,1,1,9,0,0,0,1,0,1,0,0,0,75,0
web.de,0,0,1,5,0,0,0,0,0,1,1,1,0,1,1,0,7,0,0,0,1,0,1,0,0,9,83,0
olx.in,0,0,1,3,0,0,0,0,0,1,1,1,1,1,1,1,12,0,0,0,2,0,1,0,0,4,68,0
squarespace.com,0,0,1,5,0,0,0,0,0,1,1,1,1,1,1,1,14,0,0,0,1,0,1,0,0,6,108,0
privatbank.ua,0,0,1,4,0,1,0,0,0,1,1,1,0,1,1,0,4,0,0,0,1,0,1,1,0,0,78,0
distractify.com,0,0,1,10,0,0,0,0,0,1,1,1,0,1,1,0,0,0,0,0,1,0,1,0,0,20,53,0
tunein.com,0,0,1,5,0,0,0,0,0,1,1,1,1,1,1,1,6,0,0,0,1,0,1,0,0,30,48,0
thenextweb.com,0,0,1,6,0,0,0,0,0,1,1,1,0,1,1,0,6,0,0,0,1,0,1,0,0,8,62,0
torcache.net,0,0,1,2,0,0,0,0,0,1,1,1,1,1,1,0,0,0,1,0,10,1,1,0,0,35,88,0
distractify.com,0,0,1,10,0,0,0,0,0,1,1,1,0,1,1,0,0,0,0,0,1,0,1,0,0,21,52,0
extratorrent.cc,0,0,1,3,0,0,0,0,0,1,1,1,1,1,1,1,6,0,0,2,2,0,1,0,0,20,109,0
xhamster.com,0,0,1,3,0,0,0,0,0,1,1,1,1,1,1,1,0,0,0,0,2,0,1,0,0,7,65,0
perezhilton.com,0,0,1,1,0,0,0,0,0,1,1,1,1,1,1,1,11,0,1,0,1,1,1,0,0,8,103,0
comicbook.com,0,0,1,4,0,0,0,0,0,1,1,1,1,1,1,0,11,0,0,0,1,0,1,0,0,8,69,0
paytm.com,0,0,1,8,0,1,0,0,0,1,1,1,1,1,1,1,2,0,1,0,4,1,1,1,0,3,79,0
grantland.com,0,0,1,2,0,0,0,0,0,1,1,1,0,1,1,0,19,0,0,0,1,0,1,0,0,2,125,0
distractify.com,0,0,1,10,0,0,0,0,0,1,1,1,0,1,1,0,0,0,0,0,1,0,1,0,0,20,53,0
thenextweb.com,0,0,1,6,0,0,0,0,0,1,1,1,0,1,1,0,10,0,0,0,2,0,1,0,0,10,74,0
icicibank.com,0,0,1,5,0,0,0,0,0,1,1,1,1,1,1,0,5,0,0,0,2,0,1,0,0,0,80,0
deadspin.com,0,0,1,2,0,0,0,0,0,1,1,1,0,1,1,0,7,0,0,0,1,0,1,0,0,7,74,0
udn.com,0,0,1,4,0,0,0,0,0,1,1,1,1,1,1,1,2,0,0,54,1,0,1,0,0,68,69,0
bestblackhatforum.com,0,0,1,1,0,0,0,0,0,1,1,1,1,1,1,1,3,0,0,0,1,3,1,0,0,1,81,0
quizlet.com,0,0,1,1,0,1,1,0,0,1,1,1,1,1,1,0,1,0,1,11,3,1,3,3,0,21,88,0
depositphotos.com,0,0,1,2,0,0,0,0,0,1,1,1,1,1,1,1,6,0,0,0,2,0,1,0,0,8,64,0
pitchfork.com,0,0,1,3,0,0,0,0,0,1,1,1,1,1,1,1,11,0,0,0,1,0,1,0,0,4,95,0
emgn.com,0,0,1,2,0,0,0,0,0,1,1,1,1,1,1,1,8,0,0,0,1,0,1,0,0,1,73,0
katproxy.com,0,0,1,1,0,0,0,0,0,1,1,1,1,1,1,0,12,0,0,0,2,0,1,0,0,15,52,0
elitedaily.com,0,0,1,3,0,0,0,0,0,1,1,1,1,1,1,1,7,0,0,0,1,0,1,0,0,7,70,0
extratorrent.cc,0,0,1,3,0,0,0,0,0,1,1,1,1,1,1,1,2,0,0,2,2,0,1,0,0,21,69,0
pornsharing.com,0,0,1,1,0,0,0,0,0,1,1,1,1,1,1,0,10,0,0,0,1,0,1,0,0,5,76,0
thenextweb.com,0,0,1,7,0,0,0,0,0,1,1,1,0,1,1,0,6,0,0,0,2,0,1,0,0,8,72,0
distractify.com,0,0,1,10,0,0,0,0,0,1,1,1,0,1,1,0,0,0,0,0,1,0,1,0,0,24,49,0
atwiki.jp,0,0,1,2,0,0,0,0,0,1,1,1,1,1,1,1,0,0,0,22,1,0,1,0,0,29,31,0
codecanyon.net,0,0,1,4,0,0,0,0,0,1,1,1,0,1,1,1,4,0,0,0,1,0,1,0,0,10,64,0
interpark.com,0,0,1,2,0,0,0,0,1,1,1,1,1,1,1,1,0,0,1,0,5,6,1,0,0,26,88,0
gtbank.com,0,0,1,5,0,0,0,0,0,1,1,1,1,1,1,0,5,0,0,0,1,0,1,0,0,0,87,0
medium.com,0,1,1,2,0,1,0,0,0,1,1,1,1,1,1,1,4,1,1,0,1,1,1,1,0,9,73,0
torcache.net,0,0,1,2,0,0,0,0,0,1,1,1,1,1,1,0,0,0,1,0,13,1,1,0,0,30,97,0
correios.com.br,0,1,1,8,0,0,0,0,0,1,1,1,1,1,1,1,10,2,0,0,4,0,1,0,0,25,112,0
olx.pl,0,0,1,7,0,0,0,0,0,1,1,1,1,1,1,1,2,0,0,0,1,0,1,0,0,1,82,0
distractify.com,0,0,1,10,0,0,0,0,0,1,1,1,0,1,1,0,0,0,0,0,1,0,1,0,0,18,55,0
twitter.com,0,0,1,1,0,0,0,0,0,1,1,1,1,1,1,1,1,0,1,89,2,1,2,0,0,107,142,0
distractify.com,0,0,1,10,0,0,0,0,0,1,1,1,0,1,1,0,0,0,0,0,1,0,1,0,0,19,54,0
depositphotos.com,0,0,1,1,0,0,0,0,0,1,1,1,1,1,1,1,0,0,1,0,2,12,1,0,0,9,145,0
interpark.com,0,0,1,2,0,0,0,0,0,1,1,1,1,1,1,1,0,0,1,0,5,6,1,0,0,28,84,0
zozo.jp,0,0,1,2,0,0,0,0,0,1,1,1,1,1,1,1,0,0,1,0,1,8,1,0,0,15,68,0
persianblog.ir,0,0,1,4,0,0,0,0,0,1,1,1,1,1,1,1,0,0,0,16,1,0,1,0,0,20,39,0
onedio.com,0,0,1,2,0,0,0,0,0,1,1,1,1,1,1,1,10,0,0,0,1,0,1,0,0,6,78,0
hollywoodlife.com,0,0,1,4,0,0,0,0,0,1,1,1,1,1,1,1,11,0,0,0,1,0,1,0,0,8,89,0
fortune.com,0,0,1,4,0,0,0,0,0,1,1,1,1,1,1,1,12,0,0,0,1,0,1,0,0,8,79,0
ringring.vn,0,0,1,1,0,0,0,0,0,1,1,1,1,1,1,0,13,0,0,0,2,0,1,0,0,6,62,0
nguyentandung.org,0,0,1,1,0,0,0,0,0,1,1,1,1,1,1,1,14,0,0,0,2,0,1,0,0,3,69,0
buzzfil.net,0,0,1,4,0,0,0,0,0,1,1,1,1,1,1,1,10,0,1,0,2,1,1,0,0,5,88,0
thenextweb.com,0,0,1,6,0,0,0,0,0,1,1,1,0,1,1,0,7,0,0,0,2,0,1,0,0,8,95,0
fanpage.gr,0,0,1,2,0,0,0,0,0,1,1,1,1,1,1,1,5,0,0,62,1,0,1,0,0,35,111,0
extratorrent.cc,0,0,1,3,0,0,0,0,0,1,1,1,1,1,1,1,2,0,0,4,2,0,1,0,0,11,76,0
mylust.com,0,0,1,3,0,0,1,0,0,1,1,1,1,1,1,1,7,0,0,0,1,0,1,0,0,5,66,0
nguyentandung.org,0,0,1,1,0,0,0,0,0,1,1,1,1,1,1,1,13,0,0,0,2,0,1,0,0,0,72,0
babal.net,0,0,1,4,0,0,0,0,0,1,1,1,1,1,1,1,3,0,0,32,1,0,1,0,0,41,48,0
thechive.com,0,0,1,4,0,0,0,0,0,1,1,1,0,1,1,0,13,0,0,0,1,0,1,0,0,10,74,0
thenextweb.com,0,0,1,7,0,0,0,0,0,1,1,1,0,1,1,0,10,0,0,0,2,0,1,0,0,9,95,0
babal.net,0,0,1,4,0,0,0,0,0,1,1,1,1,1,1,1,4,0,0,38,1,0,1,0,0,46,54,0
pikabu.ru,0,0,1,3,0,0,0,0,0,1,1,1,1,1,1,1,0,0,0,33,1,0,1,0,0,29,55,0
variety.com,0,0,1,8,0,0,0,0,0,1,1,1,1,1,1,1,25,0,0,0,1,0,1,0,0,28,165,0
otomoto.pl,0,0,1,3,0,0,0,0,0,1,1,1,1,1,1,1,1,0,0,0,2,0,1,0,0,4,75,0
elitedaily.com,0,0,1,4,0,0,0,0,0,1,1,1,0,1,1,1,6,0,0,0,1,0,1,0,0,7,74,0
twitter.com,0,0,1,1,0,0,0,0,0,1,1,1,1,1,1,1,1,0,1,86,2,1,2,0,0,118,125,0
olx.ro,0,0,1,7,0,0,0,0,0,1,1,1,1,1,1,1,6,0,0,0,1,0,1,0,0,1,98,0
fazenda.gov.br,0,0,1,3,0,0,0,0,0,1,1,1,1,1,1,1,0,0,1,0,2,3,1,0,0,7,66,0
bdnews24.com,0,0,1,5,0,0,0,0,0,1,1,1,1,1,1,1,7,0,0,0,1,0,1,0,0,10,65,0
emgn.com,0,0,1,2,0,0,0,0,0,1,1,1,1,1,1,1,13,0,0,0,1,0,1,0,0,2,63,0
superuser.com,0,0,1,3,0,0,0,0,0,1,1,1,0,1,1,0,11,0,0,0,1,0,1,0,0,6,81,0
mic.com,0,0,1,3,0,0,0,0,0,1,1,1,0,1,1,0,13,0,0,0,1,0,1,0,0,5,74,0
olx.ro,0,0,1,7,0,0,0,0,0,1,1,1,1,1,1,1,6,0,0,0,1,0,1,0,0,1,92,0
momoshop.com.tw,0,0,1,2,0,0,0,0,0,1,1,1,1,1,1,1,1,0,1,0,3,5,1,0,0,26,76,0
variety.com,0,0,1,4,0,0,0,0,0,1,1,1,1,1,1,1,7,0,0,0,1,0,1,0,0,18,65,0
torcache.net,0,0,1,2,0,0,0,0,0,1,1,1,1,1,1,0,0,0,1,0,9,1,1,0,0,31,88,0
grantland.com,0,0,1,2,0,0,0,0,0,1,1,1,1,1,1,1,15,0,0,0,1,0,1,0,0,0,106,0
1337x.to,0,0,1,3,0,0,0,0,0,1,1,1,1,1,1,0,9,0,0,0,1,0,1,0,0,17,60,0
thenextweb.com,0,0,1,6,0,0,0,0,0,1,1,1,0,1,1,0,8,0,0,0,2,0,1,0,0,8,66,0
kotaku.com,0,0,1,2,0,0,0,0,0,1,1,1,0,1,1,0,10,0,0,0,1,0,1,0,0,10,68,0
distractify.com,0,0,1,10,0,0,0,0,0,1,1,1,0,1,1,0,0,0,0,0,1,0,1,0,0,22,51,0
katproxy.com,0,0,1,1,0,0,0,0,0,1,1,1,1,1,1,0,8,0,0,0,2,0,1,0,0,31,50,0
stackoverflow.com,0,0,1,3,0,0,0,0,0,1,1,1,0,1,1,0,6,0,1,0,1,1,1,0,0,8,65,0
aljazeera.net,0,0,1,6,0,0,0,0,0,1,1,1,1,1,1,1,6,0,0,82,1,0,1,0,0,86,114,0
pikabu.ru,0,0,1,3,0,0,0,0,0,1,1,1,1,1,1,1,0,0,0,22,1,0,1,0,0,21,41,0
extratorrent.cc,0,0,1,3,0,0,0,0,0,1,1,1,1,1,1,1,0,0,0,0,2,0,1,0,0,11,73,0
qz.com,0,0,1,2,0,0,0,0,0,1,1,1,1,1,1,1,15,0,0,0,1,0,1,0,0,6,90,0
serverfault.com,0,0,1,3,0,0,1,0,0,1,1,1,1,1,1,1,11,0,1,0,1,1,1,0,0,8,105,0
distractify.com,0,0,1,10,0,0,0,0,0,1,1,1,0,1,1,0,0,0,0,0,1,0,1,0,0,21,52,0
twitter.com,0,0,1,1,0,0,0,0,0,1,1,1,1,1,1,1,1,0,1,71,2,1,2,0,0,83,130,0
depositphotos.com,0,0,1,2,0,0,0,0,0,1,1,1,1,1,1,1,1,0,0,14,2,0,1,0,0,13,50,0
ecnavi.jp,0,0,1,1,1,0,0,0,0,1,1,1,0,1,1,0,2,0,2,2,6,2,2,0,0,14,59,0
wpengine.com,0,0,1,4,0,0,0,0,0,1,1,1,1,1,1,1,9,0,0,0,1,0,1,0,0,8,80,0
prezi.com,0,0,1,4,0,1,0,0,0,1,1,1,1,1,1,1,9,0,0,0,1,0,1,1,0,0,68,0
mylust.com,0,0,1,3,0,0,1,0,0,1,1,1,1,1,1,1,12,0,0,0,1,0,1,0,0,6,75,0
aljazeera.net,0,0,1,6,0,0,0,0,0,1,1,1,1,1,1,1,6,0,0,72,1,0,1,0,0,88,104,0
katproxy.com,0,0,1,3,0,0,0,0,0,1,1,1,1,1,1,0,7,0,1,0,1,1,1,0,0,14,67,0
indianexpress.com,0,0,1,3,0,0,0,0,0,1,1,1,1,1,1,1,10,0,0,0,1,0,1,0,0,4,81,0
smallseotools.com,0,0,1,2,0,0,0,0,0,1,1,1,1,1,1,0,9,0,0,0,1,0,1,0,0,0,70,0
mirtesen.ru,0,0,1,2,0,0,0,0,0,1,1,1,1,1,1,1,0,0,0,24,1,0,1,0,0,26,44,0
web.de,0,0,1,5,0,0,0,0,0,1,1,1,1,1,1,1,7,0,0,0,1,0,1,0,0,8,91,0
mashable.com,0,0,1,6,0,0,0,0,0,1,1,1,1,1,1,1,7,0,0,0,1,0,1,0,0,10,63,0
yourlust.com,0,0,1,2,0,0,1,0,0,1,1,1,1,1,1,0,10,0,0,0,2,0,1,0,0,0,76,0
serverfault.com,0,0,1,3,0,0,1,0,0,1,1,1,0,1,1,0,13,0,0,0,1,0,1,0,0,6,92,0
kakaku.com,0,0,1,6,0,0,0,0,0,1,1,1,1,1,1,1,5,0,0,0,1,0,1,0,0,4,69,0
twitter.com,0,0,1,1,0,1,0,0,0,1,1,1,1,1,1,1,1,0,1,89,2,1,2,1,0,119,131,0
plarium.com,0,0,1,5,0,0,0,0,0,1,1,1,0,1,1,0,8,0,0,0,1,0,1,0,0,0,80,0
extratorrent.cc,0,0,1,3,0,0,0,0,0,1,1,1,1,1,1,1,2,0,0,5,5,0,1,0,0,22,60,0
mirtesen.ru,0,0,1,1,0,0,0,0,0,1,1,1,1,1,1,1,8,0,1,6,3,3,2,0,0,28,132,0
indianexpress.com,0,0,1,4,0,0,0,0,0,1,1,1,1,1,1,1,16,0,0,0,1,0,1,0,0,1,109,0
medium.com,0,1,1,2,0,1,0,0,0,1,1,1,1,1,1,1,5,1,1,0,1,1,1,1,0,9,81,0
patch.com,0,0,1,3,0,0,0,0,0,1,1,1,0,1,1,0,11,0,0,0,1,0,1,0,0,0,105,0
popupads.ir,0,0,1,1,0,0,0,0,0,1,1,1,1,1,1,1,3,0,1,30,1,1,1,0,0,25,56,0
grantland.com,0,0,1,2,0,0,0,0,0,1,1,1,0,1,1,0,13,0,0,0,1,0,1,0,0,0,104,0
twitter.com,0,0,1,1,0,1,0,0,0,1,1,1,1,1,1,1,1,0,1,44,2,1,2,1,0,57,103,0
haberler.com,0,0,1,2,0,0,0,0,0,1,1,1,1,1,1,1,13,0,0,0,1,0,1,0,0,14,105,0
techcrunch.com,0,0,1,4,0,0,0,0,0,1,1,1,0,1,1,0,11,0,0,0,1,0,1,0,0,10,100,0
buzzfil.net,0,0,1,3,0,0,0,0,0,1,1,1,1,1,1,1,12,0,0,0,2,0,1,0,0,2,74,0
twitter.com,0,0,1,1,0,0,0,0,0,1,1,1,1,1,1,1,1,0,1,44,2,1,2,0,0,57,102,0
olx.co.id,0,0,1,7,0,0,1,0,0,1,1,1,1,1,1,1,4,0,0,0,2,0,1,0,0,1,82,0
extratorrent.cc,0,0,1,3,0,0,0,0,0,1,1,1,1,1,1,1,0,0,0,0,10,0,1,0,0,8,73,0
emgn.com,0,0,1,2,0,0,0,0,0,1,1,1,1,1,1,1,13,0,0,0,1,0,1,0,0,0,95,0
dantri.com.vn,0,0,1,2,0,0,0,0,0,1,1,1,1,1,1,1,11,0,0,0,3,0,1,0,0,6,59,0
1337x.to,0,0,1,3,0,0,0,0,0,1,1,1,1,1,1,0,10,0,0,0,1,0,1,0,0,17,56,0
atwiki.jp,0,0,1,5,0,0,0,0,0,1,1,1,1,1,1,1,0,0,1,4,3,2,1,0,0,4,73,0
emgn.com,0,0,1,2,0,0,0,0,0,1,1,1,1,1,1,1,14,0,0,0,1,0,1,0,0,0,106,0
wpengine.com,0,0,1,2,0,0,0,0,0,1,1,1,1,1,1,0,12,0,0,0,1,0,1,0,0,0,73,0
emgn.com,0,0,1,2,0,0,0,0,0,1,1,1,1,1,1,1,10,0,0,0,1,0,1,0,0,2,71,0
emgn.com,0,0,1,2,0,0,0,0,0,1,1,1,1,1,1,1,12,0,0,0,1,0,1,0,0,0,80,0
tinnhanh360.net,0,0,1,1,0,0,0,0,0,1,1,1,1,1,1,1,13,0,0,0,2,0,1,0,0,3,69,0
askubuntu.com,0,0,1,3,0,0,0,0,0,1,1,1,0,1,1,0,8,0,0,0,1,0,1,0,0,6,69,0
perezhilton.com,0,0,1,2,0,0,0,0,0,1,1,1,1,1,1,1,6,0,1,0,1,2,1,0,0,6,90,0
espn.go.com,0,0,1,6,0,0,0,0,0,1,1,1,1,1,1,0,7,0,0,0,2,0,1,0,0,8,82,0
web.de,0,0,1,6,0,0,0,0,0,1,1,1,0,1,1,0,12,0,0,0,1,0,1,0,0,8,117,0
sourceforge.net,0,0,1,3,0,0,0,0,0,1,1,1,0,1,1,1,1,0,1,0,1,2,1,0,0,0,87,0
correios.com.br,0,0,1,3,0,0,0,0,0,1,1,1,1,1,1,1,4,0,0,0,2,0,1,0,0,0,71,0
searchengineland.com,0,0,1,1,0,0,0,0,0,1,1,1,1,1,1,0,9,0,0,0,1,0,1,0,0,6,64,0
kotaku.com,0,0,1,2,0,0,0,0,0,1,1,1,1,1,1,1,8,0,0,0,1,0,1,0,0,11,57,0
mic.com,0,0,1,3,0,0,0,0,0,1,1,1,0,1,1,0,15,0,0,0,1,0,1,0,0,8,86,0
twitter.com,0,0,1,1,0,1,0,0,0,1,1,1,1,1,1,1,4,0,1,35,5,2,2,1,0,61,109,0
mic.com,0,0,1,3,0,0,0,0,0,1,1,1,0,1,1,0,10,0,0,0,1,0,1,0,0,6,84,0
hollywoodlife.com,0,0,1,4,0,0,0,0,0,1,1,1,1,1,1,1,9,0,0,0,1,0,1,0,0,8,82,0
tinnhanh360.net,0,0,1,1,0,0,0,0,0,1,1,1,1,1,1,1,18,0,0,0,2,0,1,0,0,3,71,0
babal.net,0,0,1,4,0,0,0,0,0,1,1,1,1,1,1,1,4,0,0,32,1,0,1,0,0,38,50,0
interpark.com,0,0,1,2,0,0,0,0,0,1,1,1,1,1,1,1,1,0,1,31,2,4,1,0,0,35,107,0
telegraf.com.ua,0,0,1,3,0,0,0,0,0,1,1,1,1,1,1,1,6,0,0,0,3,0,1,0,0,7,74,0
censor.net.ua,0,0,1,14,0,0,0,0,0,1,1,1,0,1,1,0,0,0,0,0,2,0,1,0,0,5,63,0
distractify.com,0,0,1,2,0,0,0,0,0,1,1,1,0,1,1,1,14,0,0,0,1,0,1,0,0,0,93,0
qz.com,0,0,1,2,0,0,0,0,0,1,1,1,0,1,1,0,10,0,0,0,1,0,1,0,0,6,65,0
variety.com,0,0,1,8,0,0,0,0,0,1,1,1,1,1,1,1,25,0,0,0,1,0,1,0,0,28,158,0
nymag.com,0,0,1,10,0,0,0,0,0,1,1,1,1,1,1,1,5,0,0,0,1,0,1,0,0,14,87,0
putlocker.is,0,0,1,1,0,0,0,0,0,1,1,1,1,1,1,1,13,0,0,0,2,0,1,0,0,1,74,0
icicibank.com,0,0,1,3,0,0,0,0,0,1,1,1,1,1,1,0,6,0,1,0,2,1,1,0,0,17,75,0
indianexpress.com,0,0,1,4,0,0,0,0,0,1,1,1,1,1,1,1,9,0,0,0,1,0,1,0,0,0,91,0
xhamster.com,0,0,1,3,0,0,0,0,0,1,1,1,1,1,1,1,0,0,1,0,2,1,1,0,0,8,71,0
distractify.com,0,0,1,10,0,0,0,0,0,1,1,1,0,1,1,0,0,0,0,0,1,0,1,0,0,19,54,0
motthegioi.vn,0,0,1,2,0,0,0,0,0,1,1,1,1,1,1,1,25,0,0,0,2,0,1,0,0,7,103,0
techcrunch.com,0,0,1,4,0,0,0,0,0,1,1,1,1,1,1,1,10,0,0,0,1,0,1,0,0,8,82,0
slickdeals.net,0,0,1,2,0,0,0,0,0,1,1,1,1,1,1,1,16,0,1,0,1,1,1,0,0,13,91,0
otomoto.pl,0,0,1,4,0,0,0,0,0,1,1,1,1,1,1,1,3,0,1,4,1,1,1,0,0,17,57,0
perezhilton.com,0,0,1,1,0,0,0,0,0,1,1,1,1,1,1,1,13,0,1,0,1,1,1,0,0,8,100,0
web.de,0,0,1,4,0,0,0,0,0,1,1,1,0,1,1,0,6,0,0,0,1,0,1,0,0,8,62,0
censor.net.ua,0,0,1,3,0,0,0,0,0,1,1,1,0,1,1,0,0,0,0,0,2,0,1,0,0,6,97,0
xhamster.com,0,0,1,3,0,0,0,0,0,1,1,1,1,1,1,1,0,0,0,0,2,0,1,0,0,7,76,0
grantland.com,0,0,1,2,0,0,0,0,0,1,1,1,0,1,1,0,10,0,0,0,1,0,1,0,0,2,64,0
hdfcbank.com,0,0,1,4,0,0,0,0,0,1,1,1,0,1,1,1,6,0,0,0,1,0,1,0,0,0,70,0
wikiwiki.jp,0,0,1,1,0,0,0,0,0,1,1,1,1,1,1,0,0,0,1,21,1,0,1,0,0,21,56,0
web.de,0,0,1,4,0,0,0,0,0,1,1,1,0,1,1,0,6,0,0,0,1,0,1,0,0,8,70,0
twitter.com,0,0,1,1,0,0,0,0,0,1,1,1,1,1,1,1,1,0,1,65,2,1,2,0,0,84,119,0
olx.pl,0,0,1,7,0,0,0,0,0,1,1,1,1,1,1,1,4,0,0,0,1,0,1,0,0,1,100,0
torcache.net,0,0,1,2,0,0,0,0,0,1,1,1,1,1,1,0,0,0,1,0,8,1,1,0,0,31,79,0
otomoto.pl,0,0,1,7,0,0,0,0,0,1,1,1,1,1,1,1,2,0,0,0,2,0,1,0,0,11,73,0
bleacherreport.com,0,0,1,2,0,0,1,0,0,1,1,1,0,1,1,0,12,0,0,0,1,0,1,0,0,8,88,0
interpark.com,0,0,1,2,0,0,0,0,0,1,1,1,1,1,1,1,0,0,1,0,2,5,1,0,0,27,83,0
torcache.net,0,0,1,2,0,0,0,0,0,1,1,1,1,1,1,0,0,0,1,0,10,1,1,0,0,37,76,0
thenextweb.com,0,0,1,7,0,0,0,0,0,1,1,1,1,1,1,0,14,0,0,0,2,0,1,0,0,8,96,0
kickass.to,0,0,1,1,0,0,0,0,0,1,1,1,1,1,1,0,13,0,0,0,2,0,1,0,0,11,67,0
torcache.net,0,0,1,2,0,0,0,0,0,1,1,1,1,1,1,0,0,0,1,0,7,1,1,0,0,33,79,0
emgn.com,0,0,1,2,0,0,0,0,0,1,1,1,1,1,1,1,11,0,0,0,1,0,1,0,0,2,82,0
hdfcbank.com,0,0,1,5,0,0,0,0,0,1,1,1,1,1,1,1,3,0,0,0,1,0,1,0,0,11,60,0
searchengineland.com,0,0,1,1,0,0,0,0,0,1,1,1,1,1,1,0,11,0,0,0,1,0,1,0,0,6,88,0
correios.com.br,0,0,1,5,0,0,0,0,0,1,1,1,1,1,1,1,6,0,0,0,2,0,1,0,0,0,91,0
extratorrent.cc,0,0,1,3,0,0,0,0,0,1,1,1,1,1,1,1,0,0,0,0,7,0,1,0,0,17,59,0
motthegioi.vn,0,0,1,3,0,0,0,0,0,1,1,1,1,1,1,1,4,0,0,0,2,0,1,0,0,6,77,0
caixa.gov.br,0,0,1,4,0,0,0,0,0,1,1,1,1,1,1,1,5,0,0,0,2,0,1,0,0,0,75,0
digg.com,0,0,1,2,0,0,0,0,0,1,1,1,1,1,1,1,10,0,0,0,1,0,1,0,0,0,71,0
allegro.pl,0,0,1,2,0,0,0,0,0,1,1,1,0,1,1,0,8,0,1,2,2,4,1,0,0,9,74,0
fazenda.gov.br,0,0,1,3,0,0,0,0,0,1,1,1,1,1,1,1,0,0,1,0,2,3,1,0,0,7,66,0
bdnews24.com,0,0,1,5,0,0,0,0,0,1,1,1,1,1,1,1,6,0,0,0,1,0,1,0,0,10,62,0
nesn.com,0,0,1,3,0,0,0,0,0,1,1,1,1,1,1,1,11,0,0,0,1,0,1,0,0,6,85,0
tobogo.net,0,0,1,2,0,0,0,0,0,1,1,1,1,1,1,1,0,0,1,0,2,9,1,0,0,6,82,0
slashdot.org,0,0,1,3,0,0,0,0,0,1,1,1,0,1,1,0,11,0,0,0,1,0,1,0,0,7,90,0
bigcinema.tv,0,0,1,2,0,0,0,0,0,1,1,1,1,1,1,1,0,0,0,24,1,0,1,0,0,25,41,0
web.de,0,0,1,3,0,0,0,0,0,1,1,1,1,1,1,1,8,0,0,0,1,0,1,0,0,8,63,0
indianexpress.com,0,0,1,3,0,0,0,0,0,1,1,1,1,1,1,1,15,0,0,0,1,0,1,0,0,0,121,0
nymag.com,0,0,1,9,0,0,0,0,0,1,1,1,1,1,1,1,3,0,0,0,1,0,1,0,0,14,63,0
distractify.com,0,0,1,10,0,0,0,0,0,1,1,1,0,1,1,0,0,0,0,0,1,0,1,0,0,21,52,0
otomoto.pl,0,0,1,2,0,0,0,0,0,1,1,1,1,1,1,1,6,0,0,0,2,0,1,0,0,1,71,0
torrentdn.com,0,0,1,2,0,0,0,0,0,1,1,1,1,1,1,1,0,0,1,6,2,4,1,0,0,12,55,0
mic.com,0,0,1,3,0,0,0,0,0,1,1,1,0,1,1,0,13,0,0,0,1,0,1,0,0,6,82,0
momoshop.com.tw,0,0,1,2,0,0,0,0,0,1,1,1,1,1,1,1,1,0,1,0,3,5,1,0,0,28,72,0
olx.co.id,0,0,1,7,0,0,1,0,0,1,1,1,1,1,1,1,2,0,0,0,2,0,1,0,0,1,78,0
buzzfil.net,0,0,1,4,0,0,0,0,0,1,1,1,1,1,1,1,20,0,1,0,2,1,1,0,0,5,141,0
sourceforge.net,0,0,1,3,0,0,0,0,0,1,1,1,0,1,1,0,0,0,1,2,1,2,1,0,0,2,105,0
otomoto.pl,0,0,1,4,0,0,0,0,0,1,1,1,1,1,1,1,1,0,0,0,2,0,1,0,0,7,66,0
babal.net,0,0,1,4,0,0,0,0,0,1,1,1,1,1,1,1,4,0,0,44,1,0,1,0,0,50,62,0
doodle.com,0,0,1,2,0,0,0,0,0,1,1,1,1,1,1,1,0,0,1,0,1,3,1,0,0,0,72,0
babal.net,0,0,1,3,0,0,0,0,0,1,1,1,1,1,1,1,7,0,0,70,1,0,1,0,0,81,91,0
jalopnik.com,0,0,1,2,0,0,0,0,0,1,1,1,0,1,1,0,8,0,0,0,1,0,1,0,0,10,68,0
correios.com.br,0,0,1,5,0,0,0,0,0,1,1,1,1,1,1,1,8,0,0,0,2,0,1,0,0,0,101,0
codecanyon.net,0,0,1,4,0,0,0,0,0,1,1,1,0,1,1,0,5,0,0,0,1,0,1,0,0,7,73,0
olx.co.id,0,0,1,2,0,0,1,0,0,1,1,1,1,1,1,1,2,0,1,2,2,4,1,0,0,3,88,0
ecnavi.jp,0,0,1,1,1,0,0,0,0,1,1,1,0,1,1,0,1,0,2,2,4,4,2,0,1,23,55,0
torcache.net,0,0,1,2,0,0,0,0,0,1,1,1,1,1,1,0,0,0,1,2,12,1,1,0,0,35,102,0
udn.com,0,0,1,4,0,0,0,0,0,1,1,1,1,1,1,1,2,0,0,33,1,0,1,0,0,48,49,0
mylust.com,0,0,1,3,0,0,1,0,0,1,1,1,1,1,1,1,12,0,0,0,1,0,1,0,0,5,80,0
olx.ro,0,0,1,7,0,0,0,0,0,1,1,1,1,1,1,1,8,0,0,0,1,0,1,0,0,3,106,0
censor.net.ua,0,0,1,3,0,0,0,0,0,1,1,1,0,1,1,0,0,0,0,0,2,0,1,0,0,6,102,0
indianexpress.com,0,0,1,4,0,0,0,0,0,1,1,1,1,1,1,1,12,0,0,0,1,0,1,0,0,3,98,0
techcrunch.com,0,0,1,4,0,0,0,0,0,1,1,1,1,1,1,1,8,0,0,0,1,0,1,0,0,11,74,0
wikimapia.org,0,0,1,3,0,0,0,0,0,1,1,1,1,1,1,1,2,0,0,26,1,0,1,0,0,37,41,0
tobogo.net,0,0,1,2,0,0,0,0,0,1,1,1,1,1,1,1,0,0,1,0,2,9,1,0,0,6,82,0
perezhilton.com,0,0,1,1,0,0,0,0,0,1,1,1,1,1,1,1,12,0,1,0,1,1,1,0,0,8,83,0
aljazeera.net,0,0,1,4,0,0,0,0,0,1,1,1,1,1,1,1,8,0,0,0,1,0,1,0,0,41,50,0
tobogo.net,0,0,1,2,0,0,0,0,0,1,1,1,1,1,1,1,0,0,1,0,2,9,1,0,0,5,82,0
themeforest.net,0,0,1,3,0,0,0,0,0,1,1,1,1,1,1,1,4,0,0,0,1,0,1,0,0,8,65,0
themeforest.net,0,0,1,4,0,0,0,0,0,1,1,1,1,1,1,1,3,0,0,0,1,0,1,0,0,7,73,0
nesn.com,0,0,1,3,0,0,0,0,0,1,1,1,1,1,1,1,9,0,0,0,1,0,1,0,0,6,77,0
pikabu.ru,0,0,1,2,0,0,0,0,0,1,1,1,1,1,1,1,0,0,0,0,1,0,1,0,0,7,78,0
searchengineland.com,0,0,1,1,0,0,0,0,0,1,1,1,1,1,1,0,12,0,0,0,1,0,1,0,0,6,88,0
interpark.com,0,0,1,2,0,0,0,0,0,1,1,1,1,1,1,1,0,0,1,0,5,6,1,0,0,28,84,0
depositphotos.com,0,0,1,1,0,0,0,0,0,1,1,1,1,1,1,1,6,0,1,2,3,1,1,0,0,10,66,0
espn.go.com,0,0,1,8,0,0,0,0,0,1,1,1,1,1,1,0,12,0,0,0,2,0,1,0,0,16,82,0
nesn.com,0,0,1,3,0,0,0,0,0,1,1,1,1,1,1,1,9,0,0,0,1,0,1,0,0,10,65,0
deadspin.com,0,0,1,2,0,0,0,0,0,1,1,1,0,1,1,0,9,0,0,0,1,0,1,0,0,7,68,0
extratorrent.cc,0,0,1,3,0,0,0,0,0,1,1,1,1,1,1,1,0,0,0,0,7,0,1,0,0,14,71,0
kienthuc.net.vn,0,0,1,2,0,0,0,0,0,1,1,1,1,1,1,1,17,0,0,0,3,0,1,0,0,6,71,0
tune.pk,0,0,1,3,0,0,0,0,0,1,1,1,1,1,1,0,9,0,0,6,1,0,1,0,0,17,58,0
couchtuner.eu.com,0,0,1,3,0,0,0,0,0,1,1,1,1,1,1,1,9,0,0,0,3,0,1,0,0,9,71,0
atwiki.jp,0,0,1,2,0,0,0,0,0,1,1,1,1,1,1,1,0,0,0,41,1,0,1,0,0,56,42,0
genius.com,0,0,1,3,0,0,0,0,0,1,1,1,1,1,1,1,19,0,0,0,1,0,1,0,0,7,101,0
nguyentandung.org,0,0,1,1,0,0,0,0,0,1,1,1,1,1,1,1,11,0,0,0,2,0,1,0,0,0,71,0
ecnavi.jp,0,0,1,1,1,0,0,0,0,1,1,1,0,1,1,0,2,0,1,2,3,1,2,0,0,19,51,0
tune.pk,0,0,1,3,0,0,0,0,0,1,1,1,1,1,1,0,11,0,0,0,1,0,1,0,0,7,83,0
thenextweb.com,0,0,1,5,0,0,0,0,0,1,1,1,0,1,1,0,5,0,0,0,1,0,1,0,0,9,59,0
extratorrent.cc,0,0,1,3,0,0,0,0,0,1,1,1,1,1,1,1,1,0,0,2,8,0,1,0,0,16,94,0
jezebel.com,0,0,1,1,0,0,0,0,0,1,1,1,0,1,1,0,10,0,1,0,1,3,1,0,0,10,121,0
ap.org,0,0,1,4,0,0,0,0,0,1,1,1,1,1,1,0,11,0,0,0,1,0,1,0,0,4,81,0
cheezburger.com,0,0,1,2,0,0,0,0,0,1,1,1,0,1,1,0,8,0,1,0,1,2,1,0,0,15,90,0
qz.com,0,0,1,2,0,0,0,0,0,1,1,1,0,1,1,0,10,0,0,0,1,0,1,0,0,6,79,0
genius.com,0,0,1,3,0,0,0,0,0,1,1,1,0,1,1,0,10,0,0,0,1,0,1,0,0,8,63,0
tinnhanh360.net,0,0,1,1,0,0,0,0,0,1,1,1,1,1,1,1,11,0,0,0,2,0,1,0,0,3,66,0
interpark.com,0,0,1,2,0,0,0,0,0,1,1,1,1,1,1,1,0,0,1,0,5,6,1,0,0,28,84,0
io9.com,0,0,1,2,0,0,0,0,0,1,1,1,0,1,1,1,11,0,0,0,1,0,1,0,0,8,65,0
gtbank.com,0,0,1,5,0,0,0,0,0,1,1,1,1,1,1,0,22,0,0,0,1,0,1,0,0,10,113,0
olx.co.id,0,0,1,2,0,0,1,0,0,1,1,1,1,1,1,1,1,0,1,2,2,3,1,0,0,2,73,0
sourceforge.net,0,0,1,3,0,0,0,0,0,1,1,1,0,1,1,1,1,0,1,0,1,2,1,0,0,0,82,0
allrecipes.com,0,0,1,4,0,0,0,0,0,1,1,1,1,1,1,1,3,0,1,0,2,1,1,0,0,6,67,0
rt.com,0,0,1,3,0,0,1,0,0,1,1,1,1,1,1,1,7,0,0,0,1,0,1,0,0,8,60,0
icicibank.com,0,0,1,3,0,0,0,0,0,1,1,1,1,1,1,1,6,0,1,0,2,1,1,0,0,17,74,0
extratorrent.cc,0,0,1,3,0,0,0,0,0,1,1,1,1,1,1,1,2,0,0,5,2,0,1,0,0,12,81,0
tunein.com,0,0,1,5,0,0,0,0,0,1,1,1,0,1,1,0,4,0,0,0,1,0,1,0,0,30,53,0
atwiki.jp,0,0,1,2,0,0,0,0,0,1,1,1,1,1,1,1,0,0,0,51,1,0,1,0,0,67,53,0
wikiwiki.jp,0,0,1,1,0,0,0,0,0,1,1,1,1,1,1,0,0,0,1,48,1,0,1,0,0,37,79,0
maybank2u.com.my,0,0,1,4,0,0,0,0,0,1,1,1,1,1,1,1,1,0,1,0,3,4,1,0,0,7,111,0
techcrunch.com,0,0,1,3,0,0,0,0,0,1,1,1,1,1,1,1,10,0,0,0,1,0,1,0,0,9,74,0
mic.com,0,0,1,3,0,0,0,0,0,1,1,1,0,1,1,0,13,0,0,0,1,0,1,0,0,5,72,0
getpocket.com,0,0,1,1,1,1,1,0,0,1,1,1,1,1,1,1,1,0,1,0,2,3,2,1,0,1,78,0
extratorrent.cc,0,0,1,3,0,0,0,0,0,1,1,1,1,1,1,1,1,0,0,5,4,0,1,0,0,26,77,0
iconosquare.com,0,0,1,3,0,0,0,0,0,1,1,1,1,1,1,1,7,0,0,0,1,0,1,0,0,0,71,0
twitter.com,0,0,1,1,0,0,0,0,0,1,1,1,1,1,1,1,1,0,1,59,2,1,2,0,0,73,118,0
censor.net.ua,0,0,1,3,0,0,0,0,0,1,1,1,0,1,1,0,0,0,0,0,2,0,1,0,0,8,108,0
tinnhanh360.net,0,0,1,1,0,0,0,0,0,1,1,1,1,1,1,1,13,0,0,0,2,0,1,0,0,3,67,0
kenh14.vn,0,0,1,2,0,0,0,0,0,1,1,1,0,1,1,0,20,0,0,0,2,0,1,0,0,18,83,0
indianexpress.com,0,0,1,3,0,0,0,0,0,1,1,1,1,1,1,1,11,0,0,0,1,0,1,0,0,4,70,0
motthegioi.vn,0,0,1,3,0,0,0,0,0,1,1,1,1,1,1,1,15,0,0,0,2,0,1,0,0,6,79,0
dantri.com.vn,0,0,1,2,0,0,0,0,0,1,1,1,1,1,1,1,12,0,0,0,3,0,1,0,0,7,67,0
udn.com,0,0,1,4,0,0,0,0,0,1,1,1,1,1,1,1,2,0,0,36,1,0,1,0,0,43,58,0
thenextweb.com,0,0,1,6,0,0,0,0,0,1,1,1,0,1,1,0,10,0,0,0,2,0,1,0,0,8,85,0
twitter.com,0,0,1,1,0,1,0,0,0,1,1,1,1,1,1,1,7,0,1,5,2,2,2,1,0,5,126,0
thenextweb.com,0,0,1,6,0,0,0,0,0,1,1,1,0,1,1,0,14,0,0,0,2,0,1,0,0,8,93,0
torcache.net,0,0,1,2,0,0,0,0,0,1,1,1,1,1,1,1,0,0,1,0,10,1,1,0,0,35,96,0
uproxx.com,0,0,1,4,0,0,1,0,0,1,1,1,1,1,1,1,15,0,0,0,1,0,1,0,0,6,84,0
elcomercio.pe,0,0,1,3,0,0,0,0,0,1,1,1,1,1,1,1,9,0,1,0,1,2,1,0,0,7,123,0
elitedaily.com,0,0,1,5,0,0,0,0,0,1,1,1,0,1,1,0,2,0,1,0,6,1,1,0,0,6,61,0
500px.com,0,0,1,3,0,1,1,0,0,1,1,1,1,1,1,1,5,0,1,0,1,2,1,1,0,17,47,0
momoshop.com.tw,0,0,1,2,0,0,0,0,0,1,1,1,1,1,1,1,1,0,1,0,3,5,1,0,0,26,75,0
allegro.pl,0,0,1,1,0,0,0,0,0,1,1,1,1,1,1,1,6,0,0,0,2,0,1,0,0,10,62,0
nguyentandung.org,0,0,1,1,0,0,0,0,0,1,1,1,1,1,1,1,12,0,0,0,2,0,1,0,0,0,70,0
udn.com,0,0,1,4,0,0,0,0,0,1,1,1,1,1,1,1,4,0,0,36,1,0,1,0,0,56,59,0
ap.org,0,0,1,4,0,0,0,0,0,1,1,1,1,1,1,0,9,0,0,0,1,0,1,0,0,4,63,0
ringring.vn,0,0,1,1,0,0,0,0,0,1,1,1,1,1,1,0,15,0,0,0,2,0,1,0,0,6,69,0
twitter.com,0,0,1,1,0,0,0,0,0,1,1,1,1,1,1,1,1,0,1,59,2,1,2,0,0,73,118,0
thenextweb.com,0,0,1,7,0,0,0,0,0,1,1,1,0,1,1,0,7,0,0,0,3,0,1,0,0,8,106,0
mic.com,0,0,1,3,0,0,0,0,0,1,1,1,1,1,1,1,11,0,0,0,1,0,1,0,0,6,74,0
mentalfloss.com,0,0,1,3,0,0,0,0,0,1,1,1,1,1,1,1,6,0,0,3,1,0,1,0,0,12,63,0
mic.com,0,0,1,3,0,0,0,0,0,1,1,1,0,1,1,0,11,0,0,0,1,0,1,0,0,10,70,0
gov.uk,0,0,1,3,0,1,0,0,0,1,1,1,1,1,1,1,4,0,0,0,2,0,1,1,1,0,75,0
medium.com,0,0,1,2,0,1,0,0,0,1,1,1,1,1,1,1,12,0,1,0,1,1,1,1,0,6,87,0
seesaawiki.jp,0,0,1,3,0,0,0,0,0,1,1,1,1,1,1,0,0,0,0,32,1,0,1,0,0,33,82,0
ecnavi.jp,0,0,1,1,1,0,0,0,0,1,1,1,1,1,1,1,2,0,1,2,3,1,2,0,0,19,51,0
interpark.com,0,0,1,2,0,0,0,0,0,1,1,1,1,1,1,1,0,0,1,0,2,5,1,0,0,27,83,0
sourceforge.net,0,0,1,3,0,0,0,0,0,1,1,1,0,1,1,1,1,0,1,7,1,2,1,0,0,9,159,0
stackoverflow.com,0,0,1,3,0,0,0,0,0,1,1,1,0,1,1,0,14,0,0,0,1,0,1,0,0,8,95,0
mylust.com,0,0,1,3,0,0,1,0,0,1,1,1,1,1,1,1,13,0,0,0,1,0,1,0,0,5,90,0
depositphotos.com,0,0,1,1,0,0,0,0,0,1,1,1,1,1,1,1,4,0,1,2,3,1,1,0,0,10,64,0
torcache.net,0,0,1,2,0,0,0,0,0,1,1,1,1,1,1,0,0,0,1,0,11,1,1,0,0,27,93,0
diply.com,0,0,1,3,0,0,0,0,0,1,1,1,0,1,1,0,10,0,0,0,1,0,1,0,0,8,76,0
fazenda.gov.br,0,0,1,4,0,0,0,0,0,1,1,1,1,1,1,1,9,0,1,0,2,1,1,0,0,14,81,0
elcomercio.pe,0,0,1,3,0,0,0,0,0,1,1,1,1,1,1,1,10,0,1,0,1,3,1,0,0,10,99,0
correios.com.br,0,0,1,4,0,0,0,0,0,1,1,1,1,1,1,1,5,0,0,0,2,0,1,0,0,0,79,0
telegraf.com.ua,0,0,1,2,0,0,0,0,0,1,1,1,1,1,1,1,10,0,0,0,3,0,1,0,0,7,91,0
digg.com,0,0,1,2,0,0,0,0,0,1,1,1,1,1,1,1,13,0,0,0,1,0,1,0,0,0,85,0
torcache.net,0,0,1,2,0,0,0,0,0,1,1,1,1,1,1,0,0,0,1,0,12,1,1,0,0,30,113,0
mylust.com,0,0,1,3,0,0,1,0,0,1,1,1,1,1,1,1,9,0,0,0,1,0,1,0,0,7,68,0
thenextweb.com,0,0,1,6,0,0,0,0,0,1,1,1,0,1,1,0,15,0,0,0,2,0,1,0,0,8,88,0
udn.com,0,0,1,4,0,0,0,0,0,1,1,1,1,1,1,1,2,0,0,33,1,0,1,0,0,51,47,0
nesn.com,0,0,1,3,0,0,0,0,0,1,1,1,1,1,1,1,14,0,0,0,1,0,1,0,0,6,88,0
mylust.com,0,0,1,3,0,0,1,0,0,1,1,1,1,1,1,1,7,0,0,0,1,0,1,0,0,6,64,0
extratorrent.cc,0,0,1,3,0,0,0,0,0,1,1,1,1,1,1,1,0,0,0,0,7,0,1,0,0,17,70,0
zozo.jp,0,0,1,2,0,0,0,0,0,1,1,1,1,1,1,1,0,0,1,0,1,8,1,0,0,15,61,0
olx.ua,0,0,1,4,0,0,0,0,0,1,1,1,1,1,1,1,1,0,0,20,2,0,1,0,0,18,43,0
cheezburger.com,0,0,1,2,0,0,0,0,0,1,1,1,0,1,1,0,8,0,1,0,1,2,1,0,0,14,69,0
nhs.uk,0,0,1,5,0,0,0,0,0,1,1,1,1,1,1,0,7,0,0,0,3,0,1,0,1,6,68,0
jalopnik.com,0,0,1,2,0,0,0,0,0,1,1,1,0,1,1,0,11,0,0,0,1,0,1,0,0,10,76,0
kakaku.com,0,0,1,6,0,0,0,0,0,1,1,1,1,1,1,1,4,0,0,0,1,0,1,0,0,4,63,0
tunein.com,0,0,1,5,0,0,0,0,0,1,1,1,0,1,1,1,8,0,0,0,1,0,1,0,0,30,66,0
allegro.pl,0,0,1,2,0,0,0,0,0,1,1,1,1,1,1,0,8,0,1,2,2,4,1,0,0,9,81,0
sourceforge.net,0,0,1,3,0,0,0,0,0,1,1,1,0,1,1,0,0,0,1,2,1,2,1,0,0,4,98,0
aljazeera.net,0,0,1,6,0,0,0,0,0,1,1,1,1,1,1,1,1,0,0,18,1,0,1,0,0,28,50,0
nguyentandung.org,0,0,1,1,0,0,0,0,0,1,1,1,1,1,1,1,11,0,0,0,2,0,1,0,0,0,66,0
superuser.com,0,0,1,3,0,0,0,0,0,1,1,1,1,1,1,1,12,0,0,0,1,0,1,0,0,10,84,0
nypost.com,0,0,1,4,0,0,1,0,0,1,1,1,1,1,1,1,9,0,0,0,1,0,1,0,0,8,68,0
hubpages.com,0,0,1,5,0,0,0,0,0,1,1,1,1,1,1,1,8,0,0,0,1,0,1,0,0,4,82,0
correios.com.br,0,0,1,5,0,0,0,0,0,1,1,1,1,1,1,1,7,0,0,0,2,0,1,0,0,0,99,0
persianblog.ir,0,0,1,3,0,0,0,0,0,1,1,1,1,1,1,1,0,0,0,18,1,0,1,0,0,21,41,0
venturebeat.com,0,0,1,4,0,0,1,0,0,1,1,1,1,1,1,0,8,0,0,0,1,0,1,0,0,8,69,0
europa.eu,0,0,1,6,0,0,0,0,0,1,1,1,1,1,1,1,1,0,0,0,2,0,1,0,0,0,81,0
extratorrent.cc,0,0,1,3,0,0,0,0,0,1,1,1,1,1,1,1,2,0,0,2,2,0,1,0,0,21,66,0
ink361.com,0,0,1,6,0,0,0,0,0,1,1,1,1,1,1,1,2,0,0,0,1,0,1,0,0,40,34,0
variety.com,0,0,1,4,0,0,0,0,0,1,1,1,1,1,1,1,7,0,0,0,1,0,1,0,0,15,54,0
emgn.com,0,0,1,2,0,0,0,0,0,1,1,1,1,1,1,1,11,0,0,0,1,0,1,0,0,2,79,0
gov.uk,0,0,1,3,0,1,0,0,0,1,1,1,1,1,1,1,6,0,0,0,2,0,1,1,1,0,84,0
udn.com,0,0,1,4,0,0,0,0,0,1,1,1,1,1,1,1,2,0,0,21,1,0,1,0,0,39,34,0
gizmodo.com,0,0,1,2,0,0,0,0,0,1,1,1,0,1,1,0,9,0,0,0,1,0,1,0,0,7,70,0
hollywoodlife.com,0,0,1,4,0,0,0,0,0,1,1,1,1,1,1,1,7,0,0,0,1,0,1,0,0,8,59,0
emgn.com,0,0,1,2,0,0,0,0,0,1,1,1,1,1,1,1,10,0,0,0,1,0,1,0,0,2,72,0
deadspin.com,0,0,1,3,0,0,0,0,0,1,1,1,0,1,1,0,12,0,0,0,1,0,1,0,0,22,61,0
plarium.com,0,0,1,5,0,0,0,0,0,1,1,1,0,1,1,0,9,0,0,0,1,0,1,0,0,0,92,0
olx.pl,0,0,1,2,0,0,0,0,0,1,1,1,1,1,1,1,0,0,1,8,1,2,1,0,0,10,57,0
techcrunch.com,0,0,1,4,0,0,0,0,0,1,1,1,1,1,1,1,9,0,0,0,1,0,1,0,0,9,64,0
esporte.uol.com.br,0,0,1,5,0,0,0,0,0,1,1,1,1,1,1,1,13,0,0,0,4,0,1,0,0,10,92,0
motthegioi.vn,0,0,1,3,0,0,0,0,0,1,1,1,1,1,1,1,16,0,0,0,2,0,1,0,0,9,79,0
ifttt.com,0,0,1,2,0,1,1,0,0,1,1,1,0,1,1,0,13,0,0,0,1,0,1,1,0,6,73,0
abcnews.go.com,0,0,1,3,0,0,0,0,0,1,1,1,1,1,1,1,7,0,1,0,2,1,1,0,0,8,71,0
olx.ua,0,0,1,3,0,0,0,0,0,1,1,1,1,1,1,1,3,0,0,20,1,0,1,0,0,18,41,0
nypost.com,0,0,1,4,0,0,1,0,0,1,1,1,1,1,1,1,11,0,0,0,1,0,1,0,0,8,59,0
olx.co.id,0,0,1,7,0,0,1,0,0,1,1,1,1,1,1,1,6,0,0,0,2,0,1,0,0,1,92,0
xvideo-jp.com,0,0,1,4,0,0,0,1,0,1,1,1,1,1,1,1,2,0,0,48,1,0,1,0,0,68,59,0
venturebeat.com,0,0,1,4,0,0,1,0,0,1,1,1,1,1,1,0,10,0,0,0,1,0,1,0,0,9,70,0
stackoverflow.com,0,0,1,3,0,0,0,0,0,1,1,1,1,1,1,1,13,0,0,0,1,0,1,0,0,8,81,0
medium.com,0,1,1,2,0,1,0,0,0,1,1,1,1,1,1,1,5,1,1,0,1,1,1,1,0,7,84,0
medium.com,0,1,1,2,0,1,0,0,0,1,1,1,1,1,1,1,19,1,1,0,1,1,1,1,0,12,120,0
gizmodo.com,0,0,1,2,0,0,0,0,0,1,1,1,0,1,1,0,9,0,0,0,1,0,1,0,0,7,68,0
bdnews24.com,0,0,1,5,0,0,0,0,0,1,1,1,1,1,1,1,9,0,0,0,1,0,1,0,0,10,68,0
extratorrent.cc,0,0,1,3,0,0,0,0,0,1,1,1,1,1,1,1,0,0,0,3,2,0,1,0,0,18,58,0
correios.com.br,0,0,1,4,0,0,0,0,0,1,1,1,1,1,1,1,10,0,0,0,2,0,1,0,0,0,106,0
mic.com,0,0,1,3,0,0,0,0,0,1,1,1,0,1,1,0,13,0,0,0,1,0,1,0,0,6,82,0
kienthuc.net.vn,0,0,1,2,0,0,0,0,0,1,1,1,1,1,1,1,14,0,0,0,3,0,1,0,0,8,69,0
otomoto.pl,0,0,1,2,0,0,0,0,0,1,1,1,1,1,1,1,22,0,0,0,2,0,1,0,0,39,74,0
sfglobe.com,0,0,1,4,0,0,0,0,0,1,1,1,1,1,1,1,13,0,0,0,1,0,1,0,0,8,75,0
graphicriver.net,0,0,1,3,0,0,0,0,0,1,1,1,1,1,1,1,3,0,1,0,1,1,1,0,0,10,63,0
telegraf.com.ua,0,0,1,3,0,0,0,0,0,1,1,1,1,1,1,1,9,0,0,0,3,0,1,0,0,7,82,0
ap.org,0,0,1,4,0,0,0,0,0,1,1,1,1,1,1,0,13,0,0,0,1,0,1,0,0,4,106,0
myspace.com,0,0,1,5,0,1,0,0,0,1,1,1,1,1,1,1,8,0,0,0,1,0,1,1,0,7,72,0
atwiki.jp,0,0,1,2,0,0,0,0,0,1,1,1,1,1,1,1,0,0,0,28,1,0,1,0,0,24,48,0
torcache.net,0,0,1,2,0,0,0,0,0,1,1,1,1,1,1,0,0,0,1,0,10,1,1,0,0,27,93,0
depositphotos.com,0,0,1,1,0,0,0,0,0,1,1,1,1,1,1,1,0,0,1,0,2,12,1,0,0,9,143,0
correios.com.br,0,0,1,4,0,0,0,0,0,1,1,1,1,1,1,1,6,0,0,0,2,0,1,0,0,0,90,0
mediaset.it,0,0,1,3,0,0,0,0,0,1,1,1,1,1,1,1,8,0,0,0,2,0,1,0,0,9,59,0
twitter.com,0,0,1,1,0,0,0,0,0,1,1,1,1,1,1,1,1,0,1,83,2,1,2,0,0,107,132,0
extratorrent.cc,0,0,1,3,0,0,0,0,0,1,1,1,1,1,1,1,1,0,0,2,3,0,1,0,0,13,91,0
metro.co.uk,0,0,1,4,0,0,0,0,0,1,1,1,1,1,1,1,12,0,0,0,2,0,1,0,0,15,76,0
getpocket.com,0,0,1,4,0,0,1,0,0,1,1,1,1,1,1,1,9,0,0,0,1,0,1,0,0,8,69,0
wikimapia.org,0,0,1,3,0,0,0,0,0,1,1,1,1,1,1,1,1,0,0,34,1,0,1,0,0,39,55,0
distractify.com,0,0,1,10,0,0,0,0,0,1,1,1,0,1,1,0,0,0,0,0,1,0,1,0,0,21,52,0
tinnhanh360.net,0,0,1,1,0,0,0,0,0,1,1,1,1,1,1,1,11,0,0,6,2,0,1,0,0,13,65,0
hubpages.com,0,0,1,2,0,0,0,0,0,1,1,1,1,1,1,1,9,0,0,0,1,0,1,0,0,0,71,0
thenextweb.com,0,0,1,6,0,0,0,0,0,1,1,1,0,1,1,0,11,0,0,0,2,0,1,0,0,8,76,0
web.tv,0,0,1,8,0,0,0,0,0,1,1,1,1,1,1,1,0,0,0,0,1,0,1,0,0,2,75,0
askubuntu.com,0,0,1,3,0,0,0,0,0,1,1,1,0,1,1,0,8,0,0,0,1,0,1,0,0,6,81,0
olx.in,0,0,1,3,0,0,0,0,0,1,1,1,1,1,1,1,12,0,0,0,2,0,1,0,0,7,68,0
bdnews24.com,0,0,1,5,0,0,0,0,0,1,1,1,1,1,1,1,6,0,0,0,1,0,1,0,0,10,68,0
kenh14.vn,0,0,1,2,0,0,0,0,0,1,1,1,0,1,1,0,11,0,0,0,2,0,1,0,0,19,56,0
emgn.com,0,0,1,2,0,0,0,0,0,1,1,1,1,1,1,1,11,0,0,0,1,0,1,0,0,1,89,0
patch.com,0,0,1,3,0,0,0,0,0,1,1,1,0,1,1,0,6,0,0,0,1,0,1,0,0,0,79,0
udn.com,0,0,1,4,0,0,0,0,0,1,1,1,1,1,1,1,2,0,0,27,1,0,1,0,0,37,46,0
buzzfil.net,0,0,1,4,0,0,0,0,0,1,1,1,1,1,1,1,18,0,1,0,2,1,1,0,0,7,104,0
olx.co.id,0,0,1,2,0,0,1,0,0,1,1,1,1,1,1,1,2,0,1,2,2,4,1,0,0,2,93,0
seekingalpha.com,0,0,1,2,0,0,0,0,0,1,1,1,1,1,1,0,7,0,0,0,1,0,1,0,0,7,63,0
searchengineland.com,0,0,1,1,0,0,0,0,0,1,1,1,1,1,1,0,8,0,0,0,1,0,1,0,0,6,64,0
tunein.com,0,0,1,5,0,0,0,0,0,1,1,1,1,1,1,1,3,0,0,0,1,0,1,0,0,29,45,0
olx.ua,0,0,1,3,0,0,0,0,0,1,1,1,1,1,1,1,1,0,1,18,1,1,1,0,0,19,39,0
evernote.com,0,0,1,3,0,0,0,0,0,1,1,1,1,1,1,1,1,0,1,0,1,3,1,0,1,1,74,0
otomoto.pl,0,0,1,3,0,0,0,0,0,1,1,1,1,1,1,1,1,0,0,0,2,0,1,0,0,10,71,0
plarium.com,0,0,1,5,0,0,0,0,0,1,1,1,0,1,1,0,8,0,0,0,1,0,1,0,0,0,74,0
thenextweb.com,0,0,1,6,0,0,0,0,0,1,1,1,0,1,1,0,12,0,0,0,2,0,1,0,0,9,79,0
fishki.net,0,0,1,2,0,0,0,0,0,1,1,1,1,1,1,0,6,0,1,0,2,1,1,0,0,7,71,0
jezebel.com,0,0,1,2,0,0,0,0,0,1,1,1,0,1,1,0,10,0,0,0,1,0,1,0,0,9,66,0
superuser.com,0,0,1,3,0,0,0,0,0,1,1,1,0,1,1,0,7,0,0,0,1,0,1,0,0,6,64,0
kenh14.vn,0,0,1,2,0,0,0,0,0,1,1,1,0,1,1,0,11,0,0,0,2,0,1,0,0,18,62,0
torcache.net,0,0,1,2,0,0,0,0,0,1,1,1,1,1,1,0,0,0,1,0,8,1,1,0,0,33,82,0
otomoto.pl,0,0,1,2,0,0,0,0,0,1,1,1,1,1,1,1,10,0,0,0,2,0,1,0,0,9,72,0
thenextweb.com,0,0,1,6,0,0,0,0,0,1,1,1,0,1,1,0,15,0,0,0,2,0,1,0,0,13,103,0
slashdot.org,0,0,1,3,0,0,0,0,0,1,1,1,1,1,1,1,6,0,0,0,1,0,1,0,0,7,65,0
seekingalpha.com,0,0,1,2,0,0,0,0,0,1,1,1,1,1,1,0,8,0,0,0,1,0,1,0,0,7,64,0
perezhilton.com,0,0,1,3,0,0,0,0,0,1,1,1,1,1,1,1,11,0,1,0,1,2,1,0,0,11,118,0
kienthuc.net.vn,0,0,1,2,0,0,0,0,0,1,1,1,0,1,1,0,15,0,0,0,3,0,1,0,0,6,70,0
kienthuc.net.vn,0,0,1,2,0,0,0,0,0,1,1,1,0,1,1,0,14,0,0,0,3,0,1,0,0,6,68,0
codecanyon.net,0,0,1,4,0,0,0,0,0,1,1,1,0,1,1,0,4,0,0,0,1,0,1,0,0,9,61,0
deadspin.com,0,0,1,4,0,0,0,0,0,1,1,1,0,1,1,0,12,0,0,0,1,0,1,0,0,22,72,0
jezebel.com,0,0,1,2,0,0,0,0,0,1,1,1,0,1,1,0,10,0,0,0,1,0,1,0,0,10,65,0
interpark.com,0,0,1,2,0,0,0,0,0,1,1,1,1,1,1,1,0,0,1,0,5,6,1,0,0,28,84,0
putlocker.is,0,0,1,1,0,0,0,0,0,1,1,1,1,1,1,1,10,0,0,0,2,0,1,0,0,0,76,0
themeforest.net,0,0,1,4,0,0,0,0,0,1,1,1,0,1,1,1,3,0,0,0,1,0,1,0,0,8,69,0
jalopnik.com,0,0,1,3,0,0,0,0,0,1,1,1,0,1,1,0,12,0,0,0,1,0,1,0,0,10,75,0
mylust.com,0,0,1,3,0,0,1,0,0,1,1,1,1,1,1,1,9,0,0,0,1,0,1,0,0,6,67,0
getpocket.com,0,0,1,1,1,0,1,0,0,1,1,1,1,1,1,1,1,0,1,0,2,3,2,0,0,1,75,0
twitter.com,0,0,1,1,0,1,0,0,0,1,1,1,1,1,1,1,6,0,1,5,2,2,2,1,0,5,118,0
fanpage.gr,0,0,1,3,0,0,0,0,0,1,1,1,1,1,1,1,7,0,0,64,1,0,1,0,0,23,130,0
seasonvar.ru,0,0,1,1,0,0,0,0,0,1,1,1,1,1,1,1,4,0,0,0,2,0,1,0,0,5,65,0
kenh14.vn,0,0,1,2,0,0,0,0,0,1,1,1,0,1,1,0,10,0,0,0,2,0,1,0,0,19,51,0
hollywoodlife.com,0,0,1,4,0,0,0,0,0,1,1,1,1,1,1,1,9,0,0,0,1,0,1,0,0,8,80,0
steamcommunity.com,0,0,1,9,1,0,0,0,0,1,1,1,0,1,1,0,0,0,0,2,2,0,2,0,0,26,62,0
buzzfil.net,0,0,1,4,0,0,0,0,0,1,1,1,1,1,1,1,12,0,1,0,2,1,1,0,0,7,104,0
searchengineland.com,0,0,1,1,0,0,0,0,0,1,1,1,1,1,1,0,9,0,0,0,1,0,1,0,0,6,65,0
plarium.com,0,0,1,5,0,0,0,0,0,1,1,1,0,1,1,0,8,0,0,0,1,0,1,0,0,0,76,0
extratorrent.cc,0,0,1,3,0,0,0,0,0,1,1,1,1,1,1,1,1,0,0,0,9,0,1,0,0,15,64,0
atwiki.jp,0,0,1,2,0,0,0,0,0,1,1,1,1,1,1,1,0,0,0,43,1,0,1,0,0,48,54,0
allegro.pl,0,0,1,1,0,0,0,0,0,1,1,1,1,1,1,0,0,0,1,0,2,2,1,0,0,31,49,0
syosetu.com,0,0,1,3,0,0,0,0,0,1,1,1,1,1,1,0,0,0,1,3,2,6,1,0,0,14,59,0
babal.net,0,0,1,4,0,0,0,0,0,1,1,1,1,1,1,1,5,0,0,62,1,0,1,0,0,73,76,0
sfglobe.com,0,0,1,4,0,0,0,0,0,1,1,1,1,1,1,1,7,0,1,0,1,1,1,0,0,12,57,0
nguyentandung.org,0,0,1,1,0,0,0,0,0,1,1,1,1,1,1,1,13,0,0,0,2,0,1,0,0,0,74,0
torcache.net,0,0,1,2,0,0,0,0,0,1,1,1,1,1,1,0,0,0,1,0,11,1,1,0,0,26,96,0
askubuntu.com,0,0,1,3,0,0,0,0,0,1,1,1,1,1,1,1,13,0,0,0,1,0,1,0,0,8,74,0
nymag.com,0,0,1,9,0,0,0,0,0,1,1,1,1,1,1,1,8,0,0,0,1,0,1,0,0,22,62,0
pornsharing.com,0,0,1,1,0,0,0,0,0,1,1,1,1,1,1,0,9,0,0,0,1,0,1,0,0,5,66,0
codecanyon.net,0,0,1,4,0,0,0,0,0,1,1,1,1,1,1,1,7,0,0,0,1,0,1,0,0,10,65,0
getpocket.com,0,0,1,1,1,0,1,0,0,1,1,1,1,1,1,1,1,0,1,0,2,3,2,0,0,1,77,0
io9.com,0,0,1,2,0,0,0,0,0,1,1,1,1,1,1,1,12,0,0,0,1,0,1,0,0,8,66,0
superuser.com,0,0,1,3,0,0,0,0,0,1,1,1,0,1,1,0,7,0,0,0,1,0,1,0,0,8,64,0
qz.com,0,0,1,2,0,0,0,0,0,1,1,1,0,1,1,0,17,0,0,0,1,0,1,0,0,6,95,0
kienthuc.net.vn,0,0,1,1,0,0,0,0,0,1,1,1,1,1,1,1,3,0,1,0,3,2,1,0,0,44,188,0
steamcommunity.com,0,0,1,7,1,0,0,0,0,1,1,1,1,1,1,1,0,0,0,2,3,0,2,0,0,5,71,0
indianexpress.com,0,0,1,4,0,0,0,0,0,1,1,1,1,1,1,1,10,0,0,0,1,0,1,0,0,4,74,0
seesaawiki.jp,0,0,1,3,0,0,0,0,0,1,1,1,1,1,1,1,0,0,0,26,1,0,1,0,0,20,60,0
babal.net,0,0,1,4,0,0,0,0,0,1,1,1,1,1,1,1,8,0,0,102,3,0,1,0,0,119,111,0
cookpad.com,0,0,1,1,0,0,0,0,0,1,1,1,1,1,1,1,0,0,1,7,1,1,1,0,0,17,55,0
syosetu.com,0,0,1,3,0,0,0,0,0,1,1,1,1,1,1,0,0,0,1,3,2,6,1,0,0,14,59,0
thenextweb.com,0,0,1,6,0,0,0,0,0,1,1,1,0,1,1,0,11,0,0,0,2,0,1,0,0,8,95,0
web.de,0,0,1,5,0,0,0,0,0,1,1,1,0,1,1,0,7,0,0,0,1,0,1,0,0,9,75,0
depositphotos.com,0,0,1,2,0,0,0,0,0,1,1,1,1,1,1,1,1,0,0,22,2,0,1,0,0,27,52,0
tinnhanh360.net,0,0,1,1,0,0,0,0,0,1,1,1,1,1,1,1,13,0,0,0,2,0,1,0,0,3,66,0
olx.ro,0,0,1,7,0,0,0,0,0,1,1,1,1,1,1,1,10,0,0,0,1,0,1,0,0,1,108,0
tobogo.net,0,0,1,2,0,0,0,0,0,1,1,1,1,1,1,1,0,0,1,0,2,9,1,0,0,3,80,0
torcache.net,0,0,1,2,0,0,0,0,0,1,1,1,1,1,1,0,0,0,1,0,12,1,1,0,0,32,99,0
udn.com,0,0,1,4,0,0,0,0,0,1,1,1,1,1,1,1,2,0,0,42,1,0,1,0,0,56,57,0
medium.com,0,0,1,2,0,1,0,0,0,1,1,1,1,1,1,1,9,0,0,0,1,0,1,1,0,4,78,0
torrentdn.com,0,0,1,2,0,0,0,0,0,1,1,1,1,1,1,1,0,0,1,12,2,4,1,0,0,15,69,0
ap.org,0,0,1,4,0,0,0,0,0,1,1,1,1,1,1,0,10,0,0,0,1,0,1,0,0,4,67,0
tobogo.net,0,0,1,2,0,0,0,0,0,1,1,1,1,1,1,1,0,0,1,0,2,9,1,0,0,4,81,0
khabaronline.ir,0,0,1,5,0,0,0,0,0,1,1,1,1,1,1,1,0,0,0,0,1,0,1,0,0,12,59,0
akhbarelyom.com,0,0,1,5,0,0,0,0,0,1,1,1,0,1,1,0,2,0,0,20,2,0,1,0,0,26,57,0
udn.com,0,0,1,4,0,0,0,0,0,1,1,1,1,1,1,1,2,0,0,39,1,0,1,0,0,48,59,0
thenextweb.com,0,0,1,6,0,0,0,0,0,1,1,1,0,1,1,0,16,0,0,0,2,0,1,0,0,8,113,0
noticias.uol.com.br,0,0,1,5,0,0,0,0,0,1,1,1,1,1,1,1,5,0,1,0,4,1,1,0,0,11,65,0
lastpass.com,0,0,1,9,0,1,0,0,0,1,1,1,1,1,1,1,3,0,0,0,2,0,1,1,0,0,87,0
web.de,0,0,1,3,0,0,0,0,0,1,1,1,0,1,1,0,5,0,0,0,1,0,1,0,0,8,64,0
ap.org,0,0,1,4,0,0,0,0,0,1,1,1,1,1,1,0,10,0,0,0,1,0,1,0,0,4,70,0
olx.ua,0,0,1,3,0,0,0,0,0,1,1,1,1,1,1,1,1,0,1,16,1,1,1,0,0,18,45,0
udn.com,0,0,1,4,0,0,0,0,0,1,1,1,1,1,1,1,2,0,0,54,1,0,1,0,0,60,77,0
correios.com.br,0,0,1,3,0,0,0,0,0,1,1,1,1,1,1,1,8,0,0,0,2,0,1,0,0,0,79,0
mylust.com,0,0,1,3,0,0,1,0,0,1,1,1,1,1,1,1,9,0,0,0,1,0,1,0,0,6,67,0
thenextweb.com,0,0,1,6,0,0,0,0,0,1,1,1,0,1,1,0,15,0,0,0,2,0,1,0,0,13,106,0
wpengine.com,0,0,1,4,0,0,0,0,0,1,1,1,1,1,1,0,11,0,0,0,1,0,1,0,0,8,89,0
thenextweb.com,0,0,1,6,0,0,0,0,0,1,1,1,0,1,1,0,16,0,0,0,2,0,1,0,0,9,94,0
ringring.vn,0,0,1,1,0,0,0,0,0,1,1,1,1,1,1,0,12,0,0,0,2,0,1,0,0,6,61,0
genius.com,0,0,1,3,0,0,0,0,0,1,1,1,1,1,1,1,10,0,0,0,1,0,1,0,0,12,88,0
indianexpress.com,0,0,1,4,0,0,0,0,0,1,1,1,0,1,1,0,10,0,0,0,1,0,1,0,0,0,94,0
twitter.com,0,0,1,1,0,0,0,0,0,1,1,1,1,1,1,1,1,0,1,107,2,1,2,0,0,131,154,0
distractify.com,0,0,1,10,0,0,0,0,0,1,1,1,0,1,1,0,0,0,0,0,1,0,1,0,0,22,51,0
thenextweb.com,0,0,1,5,0,0,0,0,0,1,1,1,0,1,1,0,11,0,0,0,1,0,1,0,0,8,64,0
fazenda.gov.br,0,0,1,5,0,0,0,0,0,1,1,1,1,1,1,1,2,0,1,0,5,1,1,0,0,5,62,0
thenextweb.com,0,0,1,7,0,0,0,0,0,1,1,1,0,1,1,0,10,0,0,0,3,0,1,0,0,8,93,0
olx.ua,0,0,1,3,0,0,0,0,0,1,1,1,1,1,1,1,1,0,1,16,1,1,1,0,0,16,46,0
lifehacker.com,0,0,1,1,0,0,0,0,0,1,1,1,1,1,1,1,8,0,0,0,1,0,1,0,0,10,64,0
twitter.com,0,0,1,1,0,0,0,0,0,1,1,1,1,1,1,1,1,0,1,71,2,1,2,0,0,89,124,0
thenextweb.com,0,0,1,5,0,0,0,0,0,1,1,1,0,1,1,0,9,0,0,0,1,0,1,0,0,8,72,0
askubuntu.com,0,0,1,3,0,0,0,0,0,1,1,1,1,1,1,1,16,0,0,0,1,0,1,0,0,9,84,0
mylust.com,0,0,1,3,0,0,1,0,0,1,1,1,1,1,1,0,8,0,0,0,1,0,1,0,0,6,64,0
mic.com,0,0,1,3,0,0,0,0,0,1,1,1,0,1,1,0,10,0,0,0,1,0,1,0,0,6,73,0
torcache.net,0,0,1,2,0,0,0,0,0,1,1,1,1,1,1,0,0,0,1,0,9,1,1,0,0,38,78,0
espn.go.com,0,0,1,6,0,0,0,0,0,1,1,1,1,1,1,1,8,0,0,0,2,0,1,0,0,8,86,0
hollywoodlife.com,0,0,1,4,0,0,0,0,0,1,1,1,1,1,1,1,8,0,0,0,1,0,1,0,0,8,77,0
ecnavi.jp,0,0,1,1,1,0,0,0,0,1,1,1,1,1,1,1,2,0,1,2,3,1,2,0,0,18,51,0
babal.net,0,0,1,4,0,0,0,0,0,1,1,1,1,1,1,1,8,0,0,108,1,0,1,0,0,127,115,0
iconosquare.com,0,0,1,3,0,0,0,0,0,1,1,1,1,1,1,1,10,0,0,0,1,0,1,0,0,0,79,0
twitter.com,0,0,1,1,1,0,0,0,0,1,1,1,1,1,1,1,13,0,2,1,2,3,2,0,0,2,111,0
189.cn,0,0,1,3,0,0,0,0,0,1,1,1,1,1,1,1,0,0,1,0,2,2,1,0,0,3,67,0
mirtesen.ru,0,0,1,1,0,0,0,0,0,1,1,1,1,1,1,1,5,0,1,7,4,3,2,0,0,31,109,0
pikabu.ru,0,0,1,3,0,0,0,0,0,1,1,1,1,1,1,1,0,0,0,20,1,0,1,0,0,18,40,0
grantland.com,0,0,1,2,0,0,0,0,0,1,1,1,0,1,1,0,10,0,0,0,1,0,1,0,0,0,74,0
plarium.com,0,0,1,5,0,0,0,0,0,1,1,1,0,1,1,0,7,0,0,0,1,0,1,0,0,0,98,0
distractify.com,0,0,1,2,0,0,0,0,0,1,1,1,1,1,1,1,13,0,0,0,1,0,1,0,0,2,71,0
atwiki.jp,0,0,1,2,0,0,0,0,0,1,1,1,1,1,1,1,0,0,0,27,1,0,1,0,0,36,37,0
extratorrent.cc,0,0,1,3,0,0,0,0,0,1,1,1,1,1,1,1,2,0,0,0,4,0,1,0,0,11,67,0
thenextweb.com,0,0,1,6,0,0,0,0,0,1,1,1,0,1,1,0,10,0,0,0,2,0,1,0,0,8,81,0
askubuntu.com,0,0,1,3,0,0,0,0,0,1,1,1,1,1,1,1,8,0,0,0,1,0,1,0,0,9,69,0
fazenda.gov.br,0,0,1,6,0,0,0,0,0,1,1,1,1,1,1,1,11,0,1,0,2,1,1,0,0,4,130,0
grantland.com,0,0,1,2,0,0,0,0,0,1,1,1,0,1,1,0,11,0,0,0,1,0,1,0,0,0,80,0
olx.in,0,0,1,3,0,0,0,0,0,1,1,1,1,1,1,1,1,0,1,2,1,3,1,0,0,2,75,0
olx.ro,0,0,1,5,0,0,0,0,0,1,1,1,1,1,1,1,6,0,0,0,1,0,1,0,0,1,76,0
katproxy.com,0,0,1,1,0,0,0,0,0,1,1,1,1,1,1,0,8,0,0,0,2,0,1,0,0,13,57,0
babal.net,0,0,1,4,0,0,0,0,0,1,1,1,1,1,1,1,9,0,0,88,1,0,1,0,0,104,97,0
tunein.com,0,0,1,5,0,0,0,0,0,1,1,1,0,1,1,1,3,0,0,0,1,0,1,0,0,32,42,0
indianexpress.com,0,0,1,4,0,0,0,0,0,1,1,1,1,1,1,1,10,0,0,0,1,0,1,0,0,4,98,0
superuser.com,0,0,1,3,0,0,0,0,0,1,1,1,0,1,1,0,13,0,0,0,1,0,1,0,0,6,87,0
irecommend.ru,0,0,1,2,0,0,0,0,0,1,1,1,1,1,1,1,8,0,0,0,1,0,1,0,0,0,70,0
yourlust.com,0,0,1,2,0,0,1,0,0,1,1,1,1,1,1,0,11,0,0,0,2,0,1,0,0,0,79,0
livestream.com,0,0,1,2,0,0,0,0,0,1,1,1,1,1,1,0,0,0,0,0,1,0,1,0,0,2,75,0
thenextweb.com,0,0,1,6,0,0,0,0,0,1,1,1,0,1,1,0,10,0,0,0,2,0,1,0,0,8,73,0
mylust.com,0,0,1,3,0,0,1,0,0,1,1,1,1,1,1,1,9,0,0,0,1,0,1,0,0,5,66,0
olx.co.id,0,0,1,5,0,0,1,0,0,1,1,1,1,1,1,1,6,0,0,0,2,0,1,0,0,1,78,0
correios.com.br,0,0,1,5,0,0,0,0,0,1,1,1,1,1,1,1,2,0,0,0,3,0,1,0,0,0,74,0
abc.go.com,0,0,1,5,0,0,0,0,0,1,1,1,1,1,1,1,7,0,0,0,2,0,1,0,0,4,64,0
elitedaily.com,0,0,1,3,0,0,0,0,0,1,1,1,0,1,1,1,11,0,0,0,1,0,1,0,0,7,76,0
qz.com,0,0,1,2,0,0,0,0,0,1,1,1,0,1,1,0,12,0,0,0,1,0,1,0,0,6,74,0
web.de,0,0,1,6,0,0,0,0,0,1,1,1,0,1,1,0,8,0,0,0,1,0,1,0,0,8,91,0
motthegioi.vn,0,0,1,2,0,0,0,0,0,1,1,1,1,1,1,1,14,0,0,0,2,0,1,0,0,6,74,0
bdnews24.com,0,0,1,5,0,0,0,0,0,1,1,1,1,1,1,1,7,0,0,0,1,0,1,0,0,10,61,0
likemag.com,0,0,1,2,0,0,0,0,0,1,1,1,1,1,1,1,15,0,0,0,1,0,1,0,0,0,93,0
unity3d.com,0,0,1,5,0,0,0,0,0,1,1,1,1,1,1,1,0,0,0,0,2,0,1,0,0,6,72,0
mashable.com,0,0,1,6,0,0,0,0,0,1,1,1,0,1,1,0,6,0,0,0,1,0,1,0,0,8,66,0
metro.co.uk,0,0,1,4,0,0,0,0,0,1,1,1,1,1,1,1,11,0,0,0,2,0,1,0,0,15,89,0
atwiki.jp,0,0,1,2,0,0,0,0,0,1,1,1,1,1,1,1,0,0,0,39,1,0,1,0,0,48,46,0
mixi.jp,0,0,1,5,0,1,0,0,0,1,1,1,1,1,1,1,3,0,1,0,5,0,1,1,0,13,54,0
pornsharing.com,0,0,1,1,0,0,0,0,0,1,1,1,1,1,1,0,8,0,0,0,1,0,1,0,0,5,68,0
serverfault.com,0,0,1,3,0,0,1,0,0,1,1,1,0,1,1,0,7,0,0,0,1,0,1,0,0,6,69,0
tobogo.net,0,0,1,2,0,0,0,0,0,1,1,1,1,1,1,1,0,0,1,0,2,9,1,0,0,4,79,0
mylust.com,0,0,1,3,0,0,1,0,0,1,1,1,1,1,1,1,8,0,0,0,1,0,1,0,0,5,67,0
500px.com,0,0,1,3,0,1,1,0,0,1,1,1,1,1,1,1,3,0,1,0,1,2,1,1,0,18,57,0
iconosquare.com,0,0,1,3,0,0,0,0,0,1,1,1,0,1,1,0,8,0,0,0,1,0,1,0,0,0,92,0
variety.com,0,0,1,7,0,1,0,0,0,1,1,1,1,1,1,1,5,0,0,0,2,0,1,1,0,0,85,0
fanpage.gr,0,0,1,2,0,0,0,0,0,1,1,1,1,1,1,1,6,0,0,64,1,0,1,0,0,34,114,0
torcache.net,0,0,1,2,0,0,0,0,0,1,1,1,1,1,1,0,0,0,1,0,14,1,1,0,0,34,100,0
babal.net,0,0,1,4,0,0,0,0,0,1,1,1,1,1,1,1,7,0,0,86,1,0,1,0,0,100,98,0
web.de,0,0,1,5,0,0,0,0,0,1,1,1,0,1,1,0,4,0,0,0,1,0,1,0,0,8,67,0
onedio.com,0,0,1,2,0,0,0,0,0,1,1,1,1,1,1,1,7,0,0,0,1,0,1,0,0,6,67,0
motthegioi.vn,0,0,1,2,0,0,0,0,0,1,1,1,1,1,1,1,12,0,0,0,2,0,1,0,0,7,59,0
allegro.pl,0,0,1,2,0,0,0,0,0,1,1,1,1,1,1,0,8,0,1,2,2,4,1,0,0,13,81,0
tobogo.net,0,0,1,2,0,0,0,0,0,1,1,1,1,1,1,1,0,0,1,0,2,9,1,0,0,5,77,0
espn.go.com,0,0,1,7,0,0,0,0,0,1,1,1,1,1,1,0,7,0,0,0,2,0,1,0,0,8,69,0
torcache.net,0,0,1,2,0,0,0,0,0,1,1,1,1,1,1,0,0,0,1,0,13,1,1,0,0,37,100,0
atwiki.jp,0,0,1,2,0,0,0,0,0,1,1,1,1,1,1,1,0,0,0,35,1,0,1,0,0,33,53,0
correios.com.br,0,0,1,3,0,0,0,0,0,1,1,1,1,1,1,1,7,0,0,0,2,0,1,0,0,0,75,0
depositphotos.com,0,0,1,1,0,0,0,0,0,1,1,1,1,1,1,1,4,0,1,2,3,1,1,0,0,10,66,0
mylust.com,0,0,1,3,0,0,1,0,0,1,1,1,0,1,1,0,10,0,0,0,1,0,1,0,0,5,66,0
ap.org,0,0,1,4,0,0,0,0,0,1,1,1,1,1,1,0,13,0,0,0,1,0,1,0,0,4,79,0
europa.eu,0,0,1,6,0,0,0,0,0,1,1,1,1,1,1,1,1,0,0,0,2,0,1,0,0,0,79,0
stackoverflow.com,0,0,1,3,0,0,0,0,0,1,1,1,0,1,1,0,7,0,0,0,1,0,1,0,0,8,66,0
jezebel.com,0,0,1,2,0,0,0,0,0,1,1,1,0,1,1,0,11,0,0,0,1,0,1,0,0,10,61,0
xueqiu.com,0,0,1,2,0,0,0,0,0,1,1,1,1,1,1,1,0,0,0,24,1,0,1,0,0,28,34,0
extratorrent.cc,0,0,1,3,0,0,0,0,0,1,1,1,1,1,1,1,2,0,0,8,2,0,1,0,0,24,84,0
emgn.com,0,0,1,2,0,0,0,0,0,1,1,1,1,1,1,1,17,0,0,0,1,0,1,0,0,0,78,0
persianblog.ir,0,0,1,3,0,0,0,0,0,1,1,1,1,1,1,1,0,0,0,68,1,0,1,0,0,70,94,0
emgn.com,0,0,1,2,0,0,0,0,0,1,1,1,1,1,1,1,13,0,0,0,1,0,1,0,0,0,90,0
pikabu.ru,0,0,1,2,0,0,0,0,0,1,1,1,1,1,1,1,0,0,0,0,1,0,1,0,0,7,67,0
xhamster.com,0,0,1,3,0,0,0,0,0,1,1,1,1,1,1,1,0,0,1,0,2,1,1,0,0,8,61,0
techcrunch.com,0,0,1,4,0,0,0,0,0,1,1,1,1,1,1,1,7,0,0,0,1,0,1,0,0,8,69,0
seekingalpha.com,0,0,1,2,0,0,0,0,0,1,1,1,1,1,1,0,7,0,0,0,1,0,1,0,0,7,68,0
nesn.com,0,0,1,3,0,0,0,0,0,1,1,1,1,1,1,1,10,0,0,0,1,0,1,0,0,6,75,0
allegro.pl,0,0,1,1,0,0,0,0,0,1,1,1,1,1,1,0,0,0,1,0,2,2,1,0,0,31,49,0
kenh14.vn,0,0,1,2,0,0,0,0,0,1,1,1,1,1,1,1,12,0,0,0,2,0,1,0,0,17,57,0
motthegioi.vn,0,0,1,2,0,0,0,0,0,1,1,1,1,1,1,1,16,0,0,0,2,0,1,0,0,6,76,0
superuser.com,0,0,1,3,0,0,0,0,0,1,1,1,1,1,1,1,11,0,0,0,1,0,1,0,0,6,88,0
motherless.com,0,0,1,1,0,0,0,0,0,1,1,1,1,1,1,0,0,0,1,11,2,1,2,0,0,34,86,0
slickdeals.net,0,0,1,2,0,0,0,0,0,1,1,1,1,1,1,1,0,0,1,0,2,4,1,0,0,2,68,0
tobogo.net,0,0,1,2,0,0,0,0,0,1,1,1,1,1,1,1,0,0,1,0,2,9,1,0,0,4,78,0
censor.net.ua,0,0,1,3,0,0,0,0,0,1,1,1,0,1,1,0,0,0,0,0,2,0,1,0,0,6,86,0
nguyentandung.org,0,0,1,1,0,0,0,0,0,1,1,1,1,1,1,1,12,0,0,0,2,0,1,0,0,2,65,0
babal.net,0,0,1,4,0,0,0,0,0,1,1,1,1,1,1,1,9,0,0,92,1,0,1,0,0,115,96,0
plarium.com,0,0,1,5,0,0,0,0,0,1,1,1,0,1,1,0,5,0,0,0,1,0,1,0,0,0,71,0
extratorrent.cc,0,0,1,3,0,0,0,0,0,1,1,1,1,1,1,1,0,0,0,2,3,0,1,0,0,15,84,0
ecnavi.jp,0,0,1,3,0,1,0,0,0,1,1,1,1,1,1,0,0,0,1,16,2,3,1,1,0,30,156,0
akhbarelyom.com,0,0,1,5,0,0,0,0,0,1,1,1,0,1,1,0,1,0,0,22,2,0,1,0,0,34,53,0
extratorrent.cc,0,0,1,3,0,0,0,0,0,1,1,1,1,1,1,1,2,0,0,6,2,0,1,0,0,20,116,0
fanpage.gr,0,0,1,3,0,0,0,0,0,1,1,1,1,1,1,1,6,0,0,64,1,0,1,0,0,36,118,0
diply.com,0,0,1,3,0,0,0,0,0,1,1,1,0,1,1,0,7,0,0,0,1,0,1,0,0,6,67,0
udn.com,0,0,1,4,0,0,0,0,0,1,1,1,0,1,1,0,2,0,0,27,1,0,1,0,0,45,40,0
torcache.net,0,0,1,2,0,0,0,0,0,1,1,1,1,1,1,0,0,0,1,0,12,1,1,0,0,38,98,0
extratorrent.cc,0,0,1,3,0,0,0,0,0,1,1,1,1,1,1,1,1,0,0,6,2,0,1,0,0,25,87,0
udn.com,0,0,1,4,0,0,0,0,0,1,1,1,0,1,1,0,1,0,0,36,1,0,1,0,0,51,50,0
jezebel.com,0,0,1,1,0,0,0,0,0,1,1,1,0,1,1,0,9,0,0,0,1,0,1,0,0,10,60,0
elitedaily.com,0,0,1,4,0,0,0,0,0,1,1,1,0,1,1,1,7,0,0,0,1,0,1,0,0,6,90,0
otomoto.pl,0,0,1,2,0,0,0,0,0,1,1,1,1,1,1,1,11,0,0,0,2,0,1,0,0,7,83,0
askubuntu.com,0,0,1,3,0,0,0,0,0,1,1,1,1,1,1,1,15,0,0,0,1,0,1,0,0,5,79,0
myspace.com,0,0,1,4,0,1,0,0,0,1,1,1,1,1,1,1,0,0,0,0,1,0,1,1,0,32,74,0
bdnews24.com,0,0,1,5,0,0,0,0,0,1,1,1,1,1,1,1,8,0,0,0,1,0,1,0,0,10,67,0
telegraf.com.ua,0,0,1,3,0,0,0,0,0,1,1,1,1,1,1,1,8,0,0,0,3,0,1,0,0,7,76,0
maybank2u.com.my,0,0,1,4,0,0,0,0,0,1,1,1,1,1,1,1,2,0,1,1,5,5,1,0,0,15,143,0
allrecipes.com,0,0,1,3,0,0,0,0,0,1,1,1,1,1,1,1,3,0,1,0,2,2,1,0,0,4,75,0
qz.com,0,0,1,2,0,0,0,0,0,1,1,1,0,1,1,0,14,0,0,0,1,0,1,0,0,6,88,0
hubpages.com,0,0,1,1,0,0,0,0,0,1,1,1,1,1,1,1,8,0,1,2,1,2,1,0,0,2,77,0
indianexpress.com,0,0,1,4,0,0,0,0,0,1,1,1,1,1,1,1,8,0,0,0,1,0,1,0,0,0,90,0
ecnavi.jp,0,0,1,1,1,0,0,0,0,1,1,1,0,1,1,0,0,0,2,2,5,4,2,0,0,16,81,0
variety.com,0,0,1,4,0,0,0,0,0,1,1,1,1,1,1,1,7,0,0,0,1,0,1,0,0,14,59,0
gizmodo.com,0,0,1,2,0,0,0,0,0,1,1,1,1,1,1,1,11,0,0,0,1,0,1,0,0,7,76,0
momoshop.com.tw,0,0,1,2,0,0,0,0,0,1,1,1,1,1,1,1,1,0,1,0,3,5,1,0,0,28,72,0
emgn.com,0,0,1,2,0,0,0,0,0,1,1,1,1,1,1,1,13,0,0,0,1,0,1,0,0,2,87,0
extratorrent.cc,0,0,1,3,0,0,0,0,0,1,1,1,1,1,1,1,0,0,0,0,2,0,1,0,0,11,66,0
twitter.com,0,0,1,1,0,0,0,0,0,1,1,1,1,1,1,1,1,0,1,68,2,1,2,0,0,91,118,0
indianexpress.com,0,0,1,4,0,0,0,0,0,1,1,1,1,1,1,1,14,0,0,0,1,0,1,0,0,0,121,0
maybank2u.com.my,0,0,1,4,0,0,0,0,0,1,1,1,1,1,1,1,3,0,1,0,6,5,1,0,0,15,143,0
atwiki.jp,0,0,1,2,0,0,0,0,0,1,1,1,1,1,1,1,0,0,0,24,1,0,1,0,0,36,28,0
kakaku.com,0,0,1,6,0,0,0,0,0,1,1,1,1,1,1,1,4,0,0,0,1,0,1,0,0,4,70,0
diply.com,0,0,1,3,0,0,0,0,0,1,1,1,0,1,1,0,12,0,0,0,1,0,1,0,0,6,96,0
comicbook.com,0,0,1,3,0,0,0,0,0,1,1,1,1,1,1,0,1,0,1,0,1,3,1,0,0,1,82,0
mic.com,0,0,1,3,0,0,0,0,0,1,1,1,0,1,1,0,11,0,0,0,1,0,1,0,0,6,81,0
olx.ro,0,0,1,6,0,0,0,0,0,1,1,1,1,1,1,1,2,0,0,0,2,0,1,0,0,1,70,0
atwiki.jp,0,0,1,2,0,0,0,0,0,1,1,1,1,1,1,1,0,0,0,50,1,0,1,0,0,34,82,0
smallseotools.com,0,0,1,2,0,0,0,0,0,1,1,1,1,1,1,0,10,0,0,0,1,0,1,0,0,0,69,0
mic.com,0,0,1,3,0,0,0,0,0,1,1,1,0,1,1,0,11,0,0,0,1,0,1,0,0,6,73,0
otomoto.pl,0,0,1,2,0,0,0,0,0,1,1,1,1,1,1,1,11,0,0,0,2,0,1,0,0,6,73,0
emgn.com,0,0,1,2,0,0,0,0,0,1,1,1,1,1,1,1,9,0,0,0,1,0,1,0,0,2,72,0
mashable.com,0,0,1,6,0,0,0,0,0,1,1,1,0,1,1,0,2,0,0,0,1,0,1,0,0,8,64,0
tinnhanh360.net,0,0,1,1,0,0,0,0,0,1,1,1,1,1,1,1,14,0,0,0,2,0,1,0,0,3,67,0
mylust.com,0,0,1,3,0,0,1,0,0,1,1,1,0,1,1,0,9,0,0,0,1,0,1,0,0,4,74,0
xvideo-jp.com,0,0,1,5,0,0,0,1,0,1,1,1,1,1,1,1,1,0,0,15,1,0,1,0,0,18,43,0
stackoverflow.com,0,0,1,3,0,0,0,0,0,1,1,1,0,1,1,0,6,0,1,0,1,1,1,0,0,8,74,0
olx.pl,0,0,1,7,0,0,0,0,0,1,1,1,1,1,1,1,4,0,0,0,1,0,1,0,0,1,94,0
themeforest.net,0,0,1,3,0,0,0,0,0,1,1,1,1,1,1,1,6,0,0,0,1,0,1,0,0,8,65,0
seekingalpha.com,0,0,1,2,0,0,0,0,0,1,1,1,1,1,1,0,14,0,0,0,1,0,1,0,0,7,82,0
otomoto.pl,0,0,1,3,0,0,0,0,0,1,1,1,1,1,1,1,0,0,0,0,3,0,1,0,0,16,94,0
interpark.com,0,0,1,2,0,0,0,0,0,1,1,1,1,1,1,1,0,0,1,24,2,3,1,0,0,24,93,0
mashable.com,0,0,1,6,0,0,0,0,0,1,1,1,1,1,1,1,8,0,0,0,1,0,1,0,0,10,66,0
extratorrent.cc,0,0,1,3,0,0,0,0,0,1,1,1,1,1,1,1,1,0,0,0,6,0,1,0,0,12,61,0
depositphotos.com,0,0,1,1,0,0,0,0,0,1,1,1,1,1,1,1,6,0,1,2,3,1,1,0,0,10,72,0
motthegioi.vn,0,0,1,2,0,0,0,0,0,1,1,1,1,1,1,1,15,0,0,0,2,0,1,0,0,8,75,0
serverfault.com,0,0,1,3,0,0,1,0,0,1,1,1,1,1,1,1,12,0,0,0,1,0,1,0,0,10,91,0
thenextweb.com,0,0,1,6,0,0,0,0,0,1,1,1,0,1,1,0,10,0,0,0,2,0,1,0,0,8,81,0
lifehacker.com,0,0,1,2,0,0,0,0,0,1,1,1,1,1,1,1,13,0,0,0,1,0,1,0,0,7,76,0
torcache.net,0,0,1,2,0,0,0,0,0,1,1,1,1,1,1,0,0,0,1,0,14,1,1,0,0,37,97,0
distractify.com,0,0,1,10,0,0,0,0,0,1,1,1,0,1,1,0,0,0,0,0,1,0,1,0,0,20,53,0
plarium.com,0,0,1,5,0,0,0,0,0,1,1,1,0,1,1,0,6,0,0,0,1,0,1,0,0,0,75,0
metro.co.uk,0,0,1,4,0,0,0,0,0,1,1,1,1,1,1,1,14,0,0,0,2,0,1,0,0,15,78,0
censor.net.ua,0,0,1,3,0,0,0,0,0,1,1,1,0,1,1,0,0,0,0,22,2,0,1,0,0,26,40,0
tobogo.net,0,0,1,2,0,0,0,0,0,1,1,1,1,1,1,1,0,0,1,0,2,9,1,0,0,4,78,0
kotaku.com,0,0,1,1,0,0,0,0,0,1,1,1,0,1,1,0,9,0,0,0,1,0,1,0,0,10,59,0
interpark.com,0,0,1,2,0,0,0,0,0,1,1,1,1,1,1,1,0,0,1,0,5,6,1,0,0,28,88,0
tinnhanh360.net,0,0,1,1,0,0,0,0,0,1,1,1,1,1,1,1,18,0,0,0,2,0,1,0,0,3,77,0
kickass.to,0,0,1,1,0,0,0,0,0,1,1,1,1,1,1,0,12,0,0,0,2,0,1,0,0,21,44,0
ecnavi.jp,0,0,1,3,0,1,0,0,0,1,1,1,1,1,1,1,0,0,1,8,2,3,1,1,0,22,117,0
tobogo.net,0,0,1,2,0,0,0,0,0,1,1,1,1,1,1,1,0,0,1,0,2,9,1,0,0,5,82,0
themeforest.net,0,0,1,3,0,0,0,0,0,1,1,1,0,1,1,0,5,0,0,0,1,0,1,0,0,8,65,0
xossip.com,0,0,1,1,0,0,0,0,0,1,1,1,1,1,1,1,0,0,1,0,2,3,1,0,0,24,49,0
thenextweb.com,0,0,1,6,0,0,0,0,0,1,1,1,0,1,1,0,7,0,0,0,2,0,1,0,0,8,68,0
tunein.com,0,0,1,5,0,0,0,0,0,1,1,1,1,1,1,1,4,0,0,0,1,0,1,0,0,32,41,0
espn.go.com,0,0,1,6,0,0,0,0,0,1,1,1,1,1,1,0,9,0,0,0,2,0,1,0,0,8,83,0
genius.com,0,0,1,3,0,0,0,0,0,1,1,1,1,1,1,1,10,0,0,0,1,0,1,0,0,12,93,0
variety.com,0,0,1,4,0,0,0,0,0,1,1,1,1,1,1,1,6,0,1,0,1,1,1,0,0,22,72,0
cox.com,0,0,1,4,0,0,1,0,0,1,1,1,1,1,1,1,0,0,1,0,2,3,1,0,0,9,98,0
1337x.to,0,0,1,3,0,0,0,0,0,1,1,1,1,1,1,0,9,0,0,0,1,0,1,0,0,17,59,0
cox.com,0,0,1,4,0,0,1,0,0,1,1,1,1,1,1,0,4,0,1,0,2,1,1,0,0,29,58,0
persianblog.ir,0,0,1,4,0,0,0,0,0,1,1,1,1,1,1,1,0,0,0,22,1,0,1,0,0,27,44,0
smallseotools.com,0,0,1,2,0,0,0,0,0,1,1,1,1,1,1,0,8,0,0,0,1,0,1,0,0,0,74,0
twitter.com,0,0,1,1,0,1,0,0,0,1,1,1,1,1,1,1,1,0,1,62,2,1,2,1,0,79,117,0
olx.pl,0,0,1,7,0,0,0,0,0,1,1,1,1,1,1,1,4,0,0,0,1,0,1,0,0,1,78,0
steamcommunity.com,0,0,1,9,1,0,0,0,0,1,1,1,1,1,1,1,0,0,0,2,2,0,2,0,0,26,67,0
mic.com,0,0,1,3,0,0,0,0,0,1,1,1,0,1,1,0,14,0,0,0,1,0,1,0,0,8,68,0
babal.net,0,0,1,4,0,0,0,0,0,1,1,1,1,1,1,1,4,0,0,68,1,0,1,0,0,78,82,0
nrk.no,0,0,1,7,0,0,0,0,0,1,1,1,1,1,1,1,2,0,0,0,8,0,1,0,0,7,71,0
momoshop.com.tw,0,0,1,2,0,0,0,0,0,1,1,1,1,1,1,1,1,0,1,0,3,5,1,0,0,30,65,0
torcache.net,0,0,1,2,0,0,0,0,0,1,1,1,1,1,1,0,0,0,1,0,12,1,1,0,0,30,98,0
themeforest.net,0,0,1,4,0,0,0,0,0,1,1,1,1,1,1,1,6,0,0,0,1,0,1,0,0,8,75,0
ringring.vn,0,0,1,3,0,0,0,0,0,1,1,1,1,1,1,0,12,0,0,0,2,0,1,0,0,6,60,0
xhamster.com,0,0,1,3,0,0,0,0,0,1,1,1,1,1,1,1,0,0,0,0,2,0,1,0,0,7,72,0
cookpad.com,0,0,1,1,0,0,0,0,0,1,1,1,1,1,1,1,0,0,1,6,1,1,1,0,0,15,55,0
serverfault.com,0,0,1,3,0,1,1,0,0,1,1,1,0,1,1,0,10,0,0,0,1,0,1,1,0,6,76,0
nhs.uk,0,0,1,5,0,0,0,0,0,1,1,1,1,1,1,0,8,0,0,0,3,0,1,0,1,6,76,0
web.de,0,0,1,4,0,0,0,0,0,1,1,1,1,1,1,1,6,0,0,0,1,0,1,0,0,8,73,0
distractify.com,0,0,1,10,0,0,0,0,0,1,1,1,0,1,1,0,0,0,0,0,1,0,1,0,0,19,54,0
elitedaily.com,0,0,1,4,0,0,0,0,0,1,1,1,0,1,1,1,5,0,0,0,1,0,1,0,0,7,74,0
pikabu.ru,0,0,1,3,0,0,0,0,0,1,1,1,1,1,1,1,0,0,0,22,1,0,1,0,0,20,42,0
thenextweb.com,0,0,1,6,0,0,0,0,0,1,1,1,0,1,1,0,12,0,0,0,2,0,1,0,0,10,92,0
metro.co.uk,0,0,1,4,0,0,0,0,0,1,1,1,1,1,1,1,14,0,0,0,2,0,1,0,0,15,101,0
plarium.com,0,0,1,5,0,0,0,0,0,1,1,1,0,1,1,0,5,0,0,0,1,0,1,0,0,0,76,0
twitter.com,0,0,1,1,0,0,0,0,0,1,1,1,1,1,1,1,1,0,1,86,2,1,2,0,0,114,131,0
seekingalpha.com,0,0,1,2,0,0,0,0,0,1,1,1,1,1,1,0,5,0,0,0,1,0,1,0,0,7,69,0
thenextweb.com,0,0,1,7,0,0,0,0,0,1,1,1,0,1,1,0,6,0,0,0,3,0,1,0,0,8,67,0
xvideo-jp.com,0,0,1,4,0,0,0,1,0,1,1,1,1,1,1,1,1,0,0,18,1,0,1,0,0,21,46,0
cheezburger.com,0,0,1,2,0,0,0,0,0,1,1,1,0,1,1,0,4,0,1,0,1,2,1,0,0,12,70,0
ap.org,0,0,1,4,0,0,0,0,0,1,1,1,1,1,1,0,15,0,0,0,1,0,1,0,0,6,104,0
torcache.net,0,0,1,2,0,0,0,0,0,1,1,1,1,1,1,0,0,0,1,0,9,1,1,0,0,29,80,0
kakaku.com,0,0,1,6,0,0,0,0,0,1,1,1,1,1,1,1,4,0,0,0,1,0,1,0,0,4,72,0
css-tricks.com,0,0,1,2,0,1,0,1,0,1,1,1,1,1,1,1,8,0,0,0,1,0,1,1,0,3,66,0
buzzfil.net,0,0,1,4,0,0,0,0,0,1,1,1,1,1,1,1,20,0,1,0,2,1,1,0,0,5,141,0
tinnhanh360.net,0,0,1,1,0,0,0,0,0,1,1,1,1,1,1,1,13,0,0,0,2,0,1,0,0,3,66,0
nesn.com,0,0,1,3,0,0,0,0,0,1,1,1,1,1,1,1,10,0,0,0,1,0,1,0,0,6,68,0
techcrunch.com,0,0,1,3,0,0,0,0,0,1,1,1,1,1,1,1,6,0,0,0,1,0,1,0,0,10,60,0
io9.com,0,0,1,2,0,0,0,0,0,1,1,1,1,1,1,1,8,0,0,0,1,0,1,0,0,11,64,0
jalopnik.com,0,0,1,3,0,0,0,0,0,1,1,1,0,1,1,0,10,0,0,0,1,0,1,0,0,10,76,0
udn.com,0,0,1,4,0,0,0,0,0,1,1,1,1,1,1,1,2,0,0,36,1,0,1,0,0,52,51,0
maybank2u.com.my,0,0,1,4,0,0,0,0,0,1,1,1,1,1,1,1,3,0,1,0,4,5,1,0,0,11,130,0
elitedaily.com,0,0,1,4,0,0,0,0,0,1,1,1,0,1,1,1,6,0,0,0,1,0,1,0,0,10,61,0
medium.com,0,1,1,2,0,1,0,0,0,1,1,1,1,1,1,1,8,1,0,0,1,0,1,1,0,8,66,0
emgn.com,0,0,1,2,0,0,0,0,0,1,1,1,1,1,1,1,13,0,0,0,1,0,1,0,0,0,104,0
akhbarelyom.com,0,0,1,5,0,0,0,0,0,1,1,1,0,1,1,0,1,0,0,22,2,0,1,0,0,33,54,0
allegro.pl,0,0,1,1,0,0,0,0,0,1,1,1,1,1,1,0,0,0,1,0,2,2,1,0,0,31,49,0
torrentdn.com,0,0,1,2,0,0,0,0,0,1,1,1,1,1,1,1,0,0,1,12,2,4,1,0,0,14,66,0
evernote.com,0,0,1,3,0,0,0,0,0,1,1,1,1,1,1,1,1,0,1,0,1,3,1,0,1,1,80,0
wikimapia.org,0,0,1,3,0,0,0,0,0,1,1,1,1,1,1,1,5,0,0,54,1,0,1,0,0,71,63,0
tebyan.net,0,0,1,1,0,0,0,0,0,1,1,1,1,1,1,1,2,0,1,0,2,2,1,0,0,36,201,0
moviepilot.com,0,0,1,5,0,0,1,0,0,1,1,1,1,1,1,1,10,0,0,0,1,0,1,0,0,15,72,0
olx.co.id,0,0,1,7,0,0,1,0,0,1,1,1,1,1,1,1,6,0,0,0,2,0,1,0,0,1,88,0
mylust.com,0,0,1,3,0,0,1,0,0,1,1,1,1,1,1,1,11,0,0,0,1,0,1,0,0,5,61,0
cox.com,0,0,1,4,0,0,1,0,0,1,1,1,1,1,1,0,0,0,1,0,2,3,1,0,0,15,120,0
medium.com,0,0,1,2,0,1,0,0,0,1,1,1,0,1,1,0,8,0,1,0,1,1,1,1,0,6,75,0
mic.com,0,0,1,3,0,0,0,0,0,1,1,1,0,1,1,0,13,0,0,0,1,0,1,0,0,6,88,0
techcrunch.com,0,0,1,4,0,0,0,0,0,1,1,1,1,1,1,1,11,0,0,0,1,0,1,0,0,8,80,0
wikimapia.org,0,0,1,3,0,0,0,0,0,1,1,1,1,1,1,1,2,0,0,20,1,0,1,0,0,27,40,0
putlocker.is,0,0,1,1,0,0,0,0,0,1,1,1,1,1,1,1,9,0,0,0,2,0,1,0,0,2,71,0
hubpages.com,0,0,1,2,0,0,0,0,0,1,1,1,1,1,1,1,12,0,0,0,1,0,1,0,0,0,76,0
189.cn,0,0,1,3,0,0,0,0,0,1,1,1,1,1,1,1,0,0,1,6,2,3,1,0,0,12,78,0
torcache.net,0,0,1,2,0,0,0,0,0,1,1,1,1,1,1,0,0,0,1,0,13,1,1,0,0,27,100,0
thenextweb.com,0,0,1,5,0,0,0,0,0,1,1,1,0,1,1,0,6,0,0,0,1,0,1,0,0,8,86,0
kakaku.com,0,0,1,6,0,0,0,0,0,1,1,1,1,1,1,1,5,0,0,0,1,0,1,0,0,4,72,0
censor.net.ua,0,0,1,3,0,0,0,0,0,1,1,1,0,1,1,0,0,0,0,0,2,0,1,0,0,6,89,0
fishki.net,0,0,1,2,0,0,0,0,0,1,1,1,1,1,1,0,4,0,1,0,2,1,1,0,0,7,72,0
onedio.com,0,0,1,2,0,0,0,0,0,1,1,1,1,1,1,1,11,0,0,0,1,0,1,0,0,8,61,0
indianexpress.com,0,0,1,3,0,0,0,0,0,1,1,1,1,1,1,1,13,0,0,0,1,0,1,0,0,0,105,0
ringring.vn,0,0,1,3,0,0,0,0,0,1,1,1,1,1,1,0,12,0,1,0,2,1,1,0,0,7,68,0
udn.com,0,0,1,4,0,0,0,0,0,1,1,1,0,1,1,0,1,0,0,39,1,0,1,0,0,54,53,0
nesn.com,0,0,1,3,0,0,0,0,0,1,1,1,1,1,1,1,9,0,0,0,1,0,1,0,0,6,69,0
thenextweb.com,0,0,1,6,0,0,0,0,0,1,1,1,0,1,1,0,6,0,0,0,2,0,1,0,0,8,76,0
distractify.com,0,0,1,10,0,0,0,0,0,1,1,1,0,1,1,0,0,0,0,0,1,0,1,0,0,23,50,0
mashable.com,0,0,1,6,0,0,0,0,0,1,1,1,1,1,1,1,4,0,0,0,1,0,1,0,0,8,64,0
bdnews24.com,0,0,1,5,0,0,0,0,0,1,1,1,1,1,1,1,9,0,0,0,1,0,1,0,0,14,69,0
katproxy.com,0,0,1,1,0,0,0,0,0,1,1,1,1,1,1,0,11,0,0,0,2,0,1,0,0,17,78,0
squarespace.com,0,0,1,5,0,0,0,0,0,1,1,1,1,1,1,1,8,0,0,0,1,0,1,0,0,9,58,0
pornsharing.com,0,0,1,1,0,0,0,0,0,1,1,1,1,1,1,0,10,0,0,0,1,0,1,0,0,5,73,0
babal.net,0,0,1,4,0,0,0,0,0,1,1,1,1,1,1,1,2,0,0,38,1,0,1,0,0,46,54,0
seekingalpha.com,0,0,1,2,0,0,0,0,0,1,1,1,1,1,1,0,12,0,0,0,1,0,1,0,0,7,94,0
torcache.net,0,0,1,2,0,0,0,0,0,1,1,1,1,1,1,0,0,0,1,0,12,1,1,0,0,37,99,0
plarium.com,0,0,1,5,0,0,0,0,0,1,1,1,0,1,1,0,9,0,0,0,1,0,1,0,0,0,87,0
torrentdn.com,0,0,1,2,0,0,0,0,0,1,1,1,1,1,1,1,0,0,1,9,2,4,1,0,0,13,65,0
hollywoodlife.com,0,0,1,4,0,0,0,0,0,1,1,1,1,1,1,1,7,0,0,0,1,0,1,0,0,8,71,0
sourceforge.net,0,0,1,2,0,0,0,0,0,1,1,1,0,1,1,0,1,0,1,8,1,2,1,0,0,20,115,0
mic.com,0,0,1,3,0,0,0,0,0,1,1,1,0,1,1,0,12,0,0,0,1,0,1,0,0,12,68,0
otomoto.pl,0,0,1,6,0,0,0,0,0,1,1,1,1,1,1,1,2,0,0,0,2,0,1,0,0,10,66,0
icicibank.com,0,0,1,3,0,0,0,0,0,1,1,1,1,1,1,0,7,0,1,0,2,1,1,0,0,17,89,0
tunein.com,0,0,1,5,0,0,0,0,0,1,1,1,0,1,1,1,7,0,0,0,1,0,1,0,0,32,49,0
web.de,0,0,1,5,0,0,0,0,0,1,1,1,1,1,1,1,6,0,0,0,1,0,1,0,0,8,83,0
thenextweb.com,0,0,1,6,0,0,0,0,0,1,1,1,0,1,1,0,14,0,0,0,2,0,1,0,0,8,79,0
megogo.net,0,0,1,4,0,0,0,0,0,1,1,1,1,1,1,1,12,0,0,0,2,0,1,0,0,10,96,0
otomoto.pl,0,0,1,2,0,0,0,0,0,1,1,1,1,1,1,1,9,0,0,0,2,0,1,0,0,2,66,0
kakaku.com,0,0,1,6,0,0,0,0,0,1,1,1,1,1,1,1,5,0,0,0,1,0,1,0,0,4,70,0
anysex.com,0,0,1,3,0,0,1,0,0,1,1,1,1,1,1,1,7,0,0,0,1,0,1,0,0,3,66,0
uproxx.com,0,0,1,6,0,0,1,0,0,1,1,1,1,1,1,1,6,0,0,0,1,0,1,0,0,6,70,0
seekingalpha.com,0,0,1,2,0,0,0,0,0,1,1,1,1,1,1,0,10,0,0,0,1,0,1,0,0,8,67,0
extratorrent.cc,0,0,1,3,0,0,0,0,0,1,1,1,1,1,1,1,4,0,0,4,2,0,1,0,0,15,85,0
twitter.com,0,0,1,1,0,1,0,0,0,1,1,1,1,1,1,1,4,0,1,144,4,2,2,1,0,162,226,0
correios.com.br,0,0,1,3,0,0,0,0,0,1,1,1,1,1,1,1,2,0,0,1,5,0,1,0,0,22,91,0
sputniknews.com,0,0,1,5,0,0,0,0,0,1,1,1,1,1,1,1,12,0,0,0,1,0,1,0,0,15,94,0
nguyentandung.org,0,0,1,1,0,0,0,0,0,1,1,1,1,1,1,1,16,0,0,0,2,0,1,0,0,2,79,0
persianblog.ir,0,0,1,4,0,0,0,0,0,1,1,1,1,1,1,1,0,0,0,22,1,0,1,0,0,25,46,0
tune.pk,0,0,1,3,0,1,0,0,0,1,1,1,1,1,1,1,7,0,0,0,1,0,1,1,0,8,61,0
thenextweb.com,0,0,1,6,0,0,0,0,0,1,1,1,0,1,1,0,12,0,0,0,2,0,1,0,0,8,102,0
uproxx.com,0,0,1,4,0,0,1,0,0,1,1,1,1,1,1,1,14,0,0,0,1,0,1,0,0,6,100,0
himado.in,0,0,1,0,0,0,0,0,0,1,1,1,1,1,1,1,0,0,1,24,1,1,1,0,0,28,39,0
allegro.pl,0,0,1,1,0,0,0,0,0,1,1,1,1,1,1,0,10,0,0,0,2,0,1,0,0,12,56,0
auto.ru,0,0,1,4,0,0,0,0,0,1,1,1,1,1,1,1,2,0,1,16,1,6,1,0,0,36,114,0
codecanyon.net,0,0,1,4,0,0,0,0,0,1,1,1,0,1,1,1,9,0,0,0,1,0,1,0,0,7,73,0
torcache.net,0,0,1,2,0,0,0,0,0,1,1,1,1,1,1,0,0,0,1,0,13,1,1,0,0,33,91,0
gtbank.com,0,0,1,6,0,0,0,0,0,1,1,1,1,1,1,0,0,0,0,0,3,0,1,0,0,1,77,0
extratorrent.cc,0,0,1,3,0,0,0,0,0,1,1,1,1,1,1,1,0,0,0,0,2,0,1,0,0,19,93,0
udn.com,0,0,1,4,0,0,0,0,0,1,1,1,1,1,1,1,3,0,0,51,1,0,1,0,0,59,77,0
pornsharing.com,0,0,1,1,0,0,0,0,0,1,1,1,1,1,1,0,8,0,0,0,1,0,1,0,0,5,68,0
sourceforge.net,0,0,1,5,0,0,0,0,0,1,1,1,1,1,1,1,0,0,1,0,1,2,1,0,0,1,71,0
twitter.com,0,0,1,1,0,0,0,0,0,1,1,1,1,1,1,1,1,0,1,86,2,1,2,0,0,109,134,0
grantland.com,0,0,1,2,0,0,0,0,0,1,1,1,0,1,1,0,12,0,0,0,1,0,1,0,0,0,97,0
motthegioi.vn,0,0,1,2,0,0,0,0,0,1,1,1,1,1,1,1,13,0,0,0,2,0,1,0,0,6,64,0
500px.com,0,0,1,3,0,1,1,0,0,1,1,1,1,1,1,1,6,0,1,2,1,2,1,1,0,20,51,0
kenh14.vn,0,0,1,2,0,0,0,0,0,1,1,1,1,1,1,1,14,0,0,0,2,0,1,0,0,18,66,0
twitter.com,0,0,1,1,0,1,0,0,0,1,1,1,1,1,1,1,4,0,1,133,3,2,2,1,0,144,214,0
mylust.com,0,0,1,3,0,0,1,0,0,1,1,1,1,1,1,1,8,0,0,0,1,0,1,0,0,6,64,0
askubuntu.com,0,0,1,3,0,0,0,0,0,1,1,1,0,1,1,0,8,0,0,0,1,0,1,0,0,10,63,0
ap.org,0,0,1,4,0,0,0,0,0,1,1,1,1,1,1,0,10,0,0,0,1,0,1,0,0,5,80,0
censor.net.ua,0,0,1,3,0,0,0,0,0,1,1,1,0,1,1,0,0,0,0,0,2,0,1,0,0,6,84,0
distractify.com,0,0,1,10,0,0,0,0,0,1,1,1,0,1,1,0,0,0,0,0,1,0,1,0,0,22,51,0
gov.uk,0,0,1,3,0,1,0,0,0,1,1,1,1,1,1,1,5,0,0,0,2,0,1,1,1,0,75,0
comicbook.com,0,0,1,3,0,0,0,0,0,1,1,1,1,1,1,0,2,0,1,0,1,3,1,0,0,1,90,0
kakaku.com,0,0,1,7,0,0,0,0,0,1,1,1,1,1,1,1,5,0,0,0,1,0,1,0,0,5,65,0
syosetu.com,0,0,1,3,0,0,0,0,0,1,1,1,1,1,1,1,0,0,1,3,2,6,1,0,0,14,59,0
stackexchange.com,0,0,1,2,0,0,0,0,0,1,1,1,1,1,1,1,0,0,1,0,3,1,1,0,0,0,73,0
twitter.com,0,0,1,1,0,0,0,0,0,1,1,1,1,1,1,1,1,0,1,59,2,1,2,0,0,78,111,0
plarium.com,0,0,1,5,0,0,0,0,0,1,1,1,0,1,1,0,6,0,0,0,1,0,1,0,0,0,92,0
syosetu.com,0,0,1,3,0,0,0,0,0,1,1,1,1,1,1,0,0,0,1,3,2,6,1,0,0,12,60,0
babal.net,0,0,1,4,0,0,0,0,0,1,1,1,1,1,1,1,2,0,0,34,1,0,1,0,0,40,52,0
depositphotos.com,0,0,1,1,0,0,0,0,0,1,1,1,1,1,1,1,6,0,1,2,3,1,1,0,0,11,86,0
medium.com,0,0,1,2,0,1,0,0,0,1,1,1,1,1,1,1,11,0,0,0,1,0,1,1,0,7,71,0
seesaawiki.jp,0,0,1,3,0,0,0,0,0,1,1,1,1,1,1,1,0,0,0,24,1,0,1,0,0,16,60,0
sberbank.ru,0,0,1,8,0,0,0,0,0,1,1,1,1,1,1,1,1,0,0,0,2,0,1,0,0,0,90,0
seesaawiki.jp,0,0,1,4,0,0,0,0,0,1,1,1,1,1,1,0,0,0,0,14,1,0,1,0,0,8,53,0
torcache.net,0,0,1,2,0,0,0,0,0,1,1,1,1,1,1,0,0,0,1,0,10,1,1,0,0,29,89,0
nguyentandung.org,0,0,1,1,0,0,0,0,0,1,1,1,1,1,1,1,15,0,0,0,2,0,1,0,0,0,77,0
extratorrent.cc,0,0,1,3,0,0,0,0,0,1,1,1,1,1,1,1,1,0,0,6,3,0,1,0,0,25,58,0
fanpage.gr,0,0,1,3,0,0,0,0,0,1,1,1,1,1,1,1,4,0,0,64,1,0,1,0,0,34,120,0
yourlust.com,0,0,1,2,0,0,1,0,0,1,1,1,1,1,1,0,14,0,0,0,2,0,1,0,0,0,103,0
bitbucket.org,0,0,1,5,0,1,0,0,0,1,1,1,1,1,1,1,5,0,0,0,1,0,1,1,0,3,68,0
moviepilot.com,0,0,1,5,0,0,1,0,0,1,1,1,1,1,1,1,9,0,0,0,1,0,1,0,0,15,58,0
medium.com,0,1,1,2,0,1,0,0,0,1,1,1,1,1,1,1,13,1,1,0,1,1,1,1,0,5,97,0
deadspin.com,0,0,1,3,0,0,0,0,0,1,1,1,0,1,1,0,6,0,0,0,1,0,1,0,0,10,59,0
correios.com.br,0,0,1,4,0,0,0,0,0,1,1,1,1,1,1,1,7,0,0,0,2,0,1,0,0,0,88,0
seekingalpha.com,0,0,1,3,0,0,0,0,0,1,1,1,1,1,1,0,2,0,1,0,1,1,1,0,0,0,74,0
themeforest.net,0,0,1,4,0,0,0,0,0,1,1,1,1,1,1,1,4,0,0,0,1,0,1,0,0,7,79,0
medium.com,0,0,1,2,0,1,0,0,0,1,1,1,1,1,1,1,14,0,1,0,1,1,1,1,0,8,109,0
thenextweb.com,0,0,1,6,0,0,0,0,0,1,1,1,0,1,1,0,9,0,0,0,2,0,1,0,0,8,92,0
jalopnik.com,0,0,1,2,0,0,0,0,0,1,1,1,0,1,1,0,12,0,0,0,1,0,1,0,0,7,77,0
otomoto.pl,0,0,1,2,0,0,0,0,0,1,1,1,1,1,1,1,11,0,0,0,2,0,1,0,0,8,83,0
extratorrent.cc,0,0,1,3,0,0,0,0,0,1,1,1,1,1,1,1,0,0,0,0,2,0,1,0,0,11,58,0
grantland.com,0,0,1,2,0,0,0,0,0,1,1,1,0,1,1,0,10,0,0,0,1,0,1,0,0,0,94,0
emgn.com,0,0,1,2,0,0,0,0,0,1,1,1,1,1,1,1,16,0,0,0,1,0,1,0,0,2,92,0
interpark.com,0,0,1,2,0,0,0,0,0,1,1,1,1,1,1,1,0,0,1,10,2,2,1,0,0,7,77,0
censor.net.ua,0,0,1,14,0,0,0,0,0,1,1,1,0,1,1,0,0,0,0,0,2,0,1,0,0,23,76,0
wpengine.com,0,0,1,4,0,0,0,0,0,1,1,1,1,1,1,0,10,0,0,0,1,0,1,0,0,8,71,0
rocketnews24.com,0,0,1,2,0,0,0,0,0,1,1,1,1,1,1,1,0,0,0,33,1,0,1,0,0,54,34,0
ifttt.com,0,0,1,2,0,1,1,0,0,1,1,1,0,1,1,0,12,0,0,0,1,0,1,1,0,5,69,0
