Domain,Have_IP,Have_At,URL_Length,URL_Depth,Redirection,https_Domain,TinyURL,Prefix/Suffix,GoogleIndex,DNS,DomainAge,DomainEnd,iFrame,Mouse_Over,Right_Click,Web_Forwards,Label,count-,count@,count?,count%,count.,count=,count-http,count-https,count-www,count-digits,count-letters,count_dir
graphicriver.net,0,0,1,1,0,0,0,0,0,1,1,1,0,1,1,0,0,0,0,0,0,1,0,0,0,0,0,15,0
ecnavi.jp,0,0,1,1,1,0,0,0,0,1,1,1,0,1,1,0,0,0,0,0,0,1,0,0,0,0,0,8,0
hubpages.com,0,0,1,1,0,1,0,0,0,1,1,1,0,1,1,0,0,0,0,0,0,1,0,0,0,0,0,11,0
extratorrent.cc,0,0,1,3,0,0,0,0,0,1,1,1,1,1,1,1,0,0,0,0,0,1,0,0,0,0,0,14,0
icicibank.com,0,0,1,3,0,0,0,0,0,1,1,1,1,1,1,0,0,0,0,0,0,1,0,0,0,0,0,12,0
nypost.com,0,0,1,4,0,0,1,0,0,1,1,1,0,1,1,0,0,0,0,0,0,1,0,0,0,0,0,9,0
kienthuc.net.vn,0,0,1,2,0,0,0,0,0,1,1,1,0,1,1,0,0,0,0,0,0,2,0,0,0,0,0,13,0
thenextweb.com,0,0,1,6,0,0,0,0,0,1,1,1,0,1,1,0,0,0,0,0,0,1,0,0,0,0,0,13,0
tobogo.net,0,0,1,2,0,0,0,0,0,1,1,1,1,1,1,1,0,0,0,0,0,1,0,0,0,0,0,9,0
akhbarelyom.com,0,0,1,5,0,0,0,0,0,1,1,1,0,1,1,0,0,0,0,0,0,1,0,0,0,0,0,14,0
tunein.com,0,0,1,5,0,0,0,0,0,1,1,1,1,1,1,1,0,0,0,0,0,1,0,0,0,0,0,9,0
tune.pk,0,0,1,3,0,1,0,0,0,1,1,1,1,1,1,1,0,0,0,0,0,1,0,0,0,0,0,6,0
sfglobe.com,0,0,1,4,0,0,0,0,0,1,1,1,1,1,1,0,0,0,0,0,0,1,0,0,0,0,0,10,0
mic.com,0,0,1,3,0,0,0,0,0,1,1,1,0,1,1,1,0,0,0,0,0,1,0,0,0,0,0,6,0
thenextweb.com,0,0,1,6,0,0,0,0,0,1,1,1,0,1,1,0,0,0,0,0,0,1,0,0,0,0,0,13,0
couchtuner.eu.com,0,0,1,3,0,0,0,0,0,1,1,1,1,1,1,1,0,0,0,0,0,2,0,0,0,0,0,15,0
olx.in,0,0,1,3,0,0,0,0,0,1,1,1,1,1,1,1,0,0,0,0,0,1,0,0,0,0,0,5,0
venturebeat.com,0,0,1,4,0,0,1,0,0,1,1,1,1,1,1,0,0,0,0,0,0,1,0,0,0,0,0,14,0
allegro.pl,0,0,1,2,0,0,0,0,0,1,1,1,1,1,1,1,0,0,0,0,0,1,0,0,0,0,0,9,0
allegro.pl,0,0,1,2,0,0,0,0,0,1,1,1,1,1,1,0,0,0,0,0,0,1,0,0,0,0,0,9,0
tinnhanh360.net,0,0,1,1,0,0,0,0,0,1,1,1,1,1,1,1,0,0,0,0,0,1,0,0,0,0,3,11,0
metro.co.uk,0,0,1,4,0,0,0,0,0,1,1,1,0,1,1,0,0,0,0,0,0,2,0,0,0,0,0,9,0
atwiki.jp,0,0,1,2,0,0,0,0,0,1,1,1,1,1,1,1,0,0,0,0,0,1,0,0,0,0,0,8,0
emgn.com,0,0,1,2,0,0,0,0,0,1,1,1,1,1,1,1,0,0,0,0,0,1,0,0,0,0,0,7,0
nguyentandung.org,0,0,1,1,0,0,0,0,0,1,1,1,1,1,1,1,0,0,0,0,0,1,0,0,0,0,0,16,0
motthegioi.vn,0,0,1,2,0,0,0,0,0,1,1,1,1,1,1,1,0,0,0,0,0,1,0,0,0,0,0,12,0
spankbang.com,0,0,1,3,0,0,0,0,0,1,1,1,1,1,1,0,0,0,0,0,0,1,0,0,0,0,0,12,0
torcache.net,0,0,1,2,0,0,0,0,0,1,1,1,1,1,1,0,0,0,0,0,0,1,0,0,0,0,0,11,0
mic.com,0,0,1,3,0,0,0,0,0,1,1,1,0,1,1,0,0,0,0,0,0,1,0,0,0,0,0,6,0
thenextweb.com,0,0,1,7,0,0,0,0,0,1,1,1,1,1,1,0,0,0,0,0,0,1,0,0,0,0,0,13,0
emgn.com,0,0,1,2,0,0,0,0,0,1,1,1,1,1,1,1,0,0,0,0,0,1,0,0,0,0,0,7,0
depositphotos.com,0,0,1,1,0,0,0,0,0,1,1,1,0,1,1,0,0,0,0,0,0,1,0,0,0,0,0,16,0
serverfault.com,0,0,1,3,0,0,1,0,0,1,1,1,0,1,1,0,0,0,0,0,0,1,0,0,0,0,0,14,0
kakaku.com,0,0,1,6,0,0,0,0,0,1,1,1,1,1,1,1,0,0,0,0,0,1,0,0,0,0,0,9,0
indianexpress.com,0,0,1,4,0,0,0,0,0,1,1,1,0,1,1,0,0,0,0,0,0,1,0,0,0,0,0,16,0
nypost.com,0,0,1,4,0,0,1,0,0,1,1,1,1,1,1,1,0,0,0,0,0,1,0,0,0,0,0,9,0
distractify.com,0,0,1,10,0,0,0,0,0,1,1,1,0,1,1,0,0,0,0,0,0,1,0,0,0,0,0,14,0
sourceforge.net,0,0,1,3,0,0,0,0,0,1,1,1,0,1,1,0,0,0,0,0,0,1,0,0,0,0,0,14,0
babal.net,0,0,1,4,0,0,0,0,0,1,1,1,1,1,1,0,0,0,0,0,0,1,0,0,0,0,0,8,0
serverfault.com,0,0,1,3,0,0,1,0,0,1,1,1,0,1,1,0,0,0,0,0,0,1,0,0,0,0,0,14,0
cookpad.com,0,0,1,1,0,0,0,0,0,1,1,1,0,1,1,0,0,0,0,0,0,1,0,0,0,0,0,10,0
plarium.com,0,0,1,5,0,0,0,0,0,1,1,1,0,1,1,0,0,0,0,0,0,1,0,0,0,0,0,10,0
pikabu.ru,0,0,1,3,0,0,0,0,0,1,1,1,0,1,1,0,0,0,0,0,0,1,0,0,0,0,0,8,0
grantland.com,0,0,1,2,0,0,0,0,0,1,1,1,0,1,1,0,0,0,0,0,0,1,0,0,0,0,0,12,0
allegro.pl,0,0,1,3,0,0,0,0,0,1,1,1,1,1,1,0,0,0,0,0,0,1,0,0,0,0,0,9,0
nguyentandung.org,0,0,1,1,0,0,0,0,0,1,1,1,1,1,1,1,0,0,0,0,0,1,0,0,0,0,0,16,0
allegro.pl,0,0,1,2,0,0,0,0,0,1,1,1,1,1,1,0,0,0,0,0,0,1,0,0,0,0,0,9,0
europa.eu,0,0,1,6,0,0,0,0,0,1,1,1,0,1,1,1,0,0,0,0,0,1,0,0,0,0,0,8,0
extratorrent.cc,0,0,1,3,0,0,0,0,0,1,1,1,1,1,1,1,0,0,0,0,0,1,0,0,0,0,0,14,0
persianblog.ir,0,0,1,4,0,0,0,0,0,1,1,1,1,1,1,1,0,0,0,0,0,1,0,0,0,0,0,13,0
distractify.com,0,0,1,10,0,0,0,0,0,1,1,1,0,1,1,0,0,0,0,0,0,1,0,0,0,0,0,14,0
kenh14.vn,0,0,1,2,0,0,0,0,0,1,1,1,0,1,1,0,0,0,0,0,0,1,0,0,0,0,2,6,0
twitter.com,0,0,1,1,0,1,0,0,0,1,1,1,1,1,1,1,0,0,0,0,0,1,0,0,0,0,0,10,0
nesn.com,0,0,1,3,0,0,0,0,0,1,1,1,0,1,1,0,0,0,0,0,0,1,0,0,0,0,0,7,0
fishki.net,0,0,1,1,0,0,0,0,0,1,1,1,1,1,1,0,0,0,0,0,0,1,0,0,0,0,0,9,0
syosetu.com,0,0,1,3,0,0,0,0,0,1,1,1,1,1,1,0,0,0,0,0,0,1,0,0,0,0,0,10,0
akhbarelyom.com,0,0,1,5,0,0,0,0,0,1,1,1,0,1,1,0,0,0,0,0,0,1,0,0,0,0,0,14,0
allegro.pl,0,0,1,1,0,0,0,0,0,1,1,1,0,1,1,0,0,0,0,0,0,1,0,0,0,0,0,9,0
getpocket.com,0,0,1,1,1,0,1,0,0,1,1,1,0,1,1,0,0,0,0,0,0,1,0,0,0,0,0,12,0
mylust.com,0,0,1,3,0,0,1,0,0,1,1,1,0,1,1,0,0,0,0,0,0,1,0,0,0,0,0,9,0
censor.net.ua,0,0,1,3,0,0,0,0,0,1,1,1,0,1,1,0,0,0,0,0,0,2,0,0,0,0,0,11,0
pornsharing.com,0,0,1,1,0,0,0,0,0,1,1,1,1,1,1,0,0,0,0,0,0,1,0,0,0,0,0,14,0
genius.com,0,0,1,3,0,0,0,0,0,1,1,1,0,1,1,0,0,0,0,0,0,1,0,0,0,0,0,9,0
sourceforge.net,0,0,1,3,0,0,0,0,0,1,1,1,0,1,1,0,0,0,0,0,0,1,0,0,0,0,0,14,0
codecanyon.net,0,0,1,4,0,0,0,0,0,1,1,1,0,1,1,1,0,0,0,0,0,1,0,0,0,0,0,13,0
qz.com,0,0,1,2,0,0,0,0,0,1,1,1,0,1,1,0,0,0,0,0,0,1,0,0,0,0,0,5,0
kenh14.vn,0,0,1,2,0,0,0,0,0,1,1,1,0,1,1,0,0,0,0,0,0,1,0,0,0,0,2,6,0
uproxx.com,0,0,1,4,0,0,1,0,0,1,1,1,0,1,1,0,0,0,0,0,0,1,0,0,0,0,0,9,0
babal.net,0,0,1,4,0,0,0,0,0,1,1,1,1,1,1,0,0,0,0,0,0,1,0,0,0,0,0,8,0
mic.com,0,0,1,3,0,0,0,0,0,1,1,1,0,1,1,0,0,0,0,0,0,1,0,0,0,0,0,6,0
torcache.net,0,0,1,2,0,0,0,0,0,1,1,1,1,1,1,0,0,0,0,0,0,1,0,0,0,0,0,11,0
paytm.com,0,0,1,2,0,1,0,0,0,1,1,1,1,1,1,0,0,0,0,0,0,1,0,0,0,0,0,8,0
motthegioi.vn,0,0,1,3,0,0,0,0,0,1,1,1,1,1,1,1,0,0,0,0,0,1,0,0,0,0,0,12,0
torcache.net,0,0,1,2,0,0,0,0,0,1,1,1,1,1,1,0,0,0,0,0,0,1,0,0,0,0,0,11,0
thenextweb.com,0,0,1,6,0,0,0,0,0,1,1,1,0,1,1,0,0,0,0,0,0,1,0,0,0,0,0,13,0
extratorrent.cc,0,0,1,3,0,0,0,0,0,1,1,1,1,1,1,1,0,0,0,0,0,1,0,0,0,0,0,14,0
genius.com,0,0,1,3,0,0,0,0,0,1,1,1,1,1,1,1,0,0,0,0,0,1,0,0,0,0,0,9,0
thenextweb.com,0,0,1,5,0,0,0,0,0,1,1,1,0,1,1,0,0,0,0,0,0,1,0,0,0,0,0,13,0
kienthuc.net.vn,0,0,1,2,0,0,0,0,0,1,1,1,0,1,1,0,0,0,0,0,0,2,0,0,0,0,0,13,0
sourceforge.net,0,0,1,3,0,0,0,0,0,1,1,1,0,1,1,1,0,0,0,0,0,1,0,0,0,0,0,14,0
nypost.com,0,0,1,4,0,0,1,0,0,1,1,1,1,1,1,1,0,0,0,0,0,1,0,0,0,0,0,9,0
ap.org,0,0,1,4,0,0,0,0,0,1,1,1,1,1,1,0,0,0,0,0,0,1,0,0,0,0,0,5,0
indianexpress.com,0,0,1,4,0,0,0,0,0,1,1,1,0,1,1,0,0,0,0,0,0,1,0,0,0,0,0,16,0
extratorrent.cc,0,0,1,3,0,0,0,0,0,1,1,1,1,1,1,1,0,0,0,0,0,1,0,0,0,0,0,14,0
correios.com.br,0,0,1,5,0,0,0,0,0,1,1,1,1,1,1,1,0,0,0,0,0,2,0,0,0,0,0,13,0
web.de,0,0,1,6,0,0,0,0,0,1,1,1,0,1,1,0,0,0,0,0,0,1,0,0,0,0,0,5,0
noticias.uol.com.br,0,0,1,6,0,0,0,0,0,1,1,1,1,1,1,1,0,0,0,0,0,3,0,0,0,0,0,16,0
bdnews24.com,0,0,1,5,0,0,0,0,0,1,1,1,0,1,1,0,0,0,0,0,0,1,0,0,0,0,2,9,0
kenh14.vn,0,0,1,2,0,0,0,0,0,1,1,1,0,1,1,0,0,0,0,0,0,1,0,0,0,0,2,6,0
codecanyon.net,0,0,1,4,0,0,0,0,0,1,1,1,0,1,1,1,0,0,0,0,0,1,0,0,0,0,0,13,0
tunein.com,0,0,1,2,0,0,0,0,0,1,1,1,0,1,1,0,0,0,0,0,0,1,0,0,0,0,0,9,0
nguyentandung.org,0,0,1,1,0,0,0,0,0,1,1,1,1,1,1,1,0,0,0,0,0,1,0,0,0,0,0,16,0
kickass.to,0,0,1,1,0,0,0,0,0,1,1,1,1,1,1,0,0,0,0,0,0,1,0,0,0,0,0,9,0
weathernews.jp,0,0,1,4,0,0,0,0,0,1,1,1,0,1,1,0,0,0,0,0,0,1,0,0,0,0,0,13,0
atwiki.jp,0,0,1,2,0,0,0,0,0,1,1,1,1,1,1,1,0,0,0,0,0,1,0,0,0,0,0,8,0
plarium.com,0,0,1,5,0,0,0,0,0,1,1,1,1,1,1,0,0,0,0,0,0,1,0,0,0,0,0,10,0
chaturbate.com,0,0,1,3,0,1,0,0,0,1,1,1,1,1,1,1,0,0,0,0,0,1,0,0,0,0,0,13,0
babal.net,0,0,1,4,0,0,0,0,0,1,1,1,1,1,1,0,0,0,0,0,0,1,0,0,0,0,0,8,0
sberbank.ru,0,0,1,9,0,0,0,0,0,1,1,1,1,1,1,1,0,0,0,0,0,1,0,0,0,0,0,10,0
torcache.net,0,0,1,2,0,0,0,0,0,1,1,1,1,1,1,0,0,0,0,0,0,1,0,0,0,0,0,11,0
torcache.net,0,0,1,2,0,0,0,0,0,1,1,1,1,1,1,0,0,0,0,0,0,1,0,0,0,0,0,11,0
pikabu.ru,0,0,1,3,0,0,0,0,0,1,1,1,0,1,1,0,0,0,0,0,0,1,0,0,0,0,0,8,0
mirtesen.ru,0,0,1,1,0,0,0,0,0,1,1,1,1,1,1,0,0,0,0,0,0,1,0,0,0,0,0,10,0
mirtesen.ru,0,0,1,1,0,0,0,0,0,1,1,1,1,1,1,0,0,0,0,0,0,1,0,0,0,0,0,10,0
distractify.com,0,0,1,10,0,0,0,0,0,1,1,1,0,1,1,0,0,0,0,0,0,1,0,0,0,0,0,14,0
jalopnik.com,0,0,1,2,0,0,0,0,0,1,1,1,0,1,1,0,0,0,0,0,0,1,0,0,0,0,0,11,0
techcrunch.com,0,0,1,4,0,0,0,0,0,1,1,1,0,1,1,0,0,0,0,0,0,1,0,0,0,0,0,13,0
twitter.com,0,0,1,1,0,1,0,0,0,1,1,1,1,1,1,0,0,0,0,0,0,1,0,0,0,0,0,10,0
torcache.net,0,0,1,2,0,0,0,0,0,1,1,1,1,1,1,0,0,0,0,0,0,1,0,0,0,0,0,11,0
thenextweb.com,0,0,1,6,0,0,0,0,0,1,1,1,0,1,1,0,0,0,0,0,0,1,0,0,0,0,0,13,0
arstechnica.com,0,0,1,4,0,0,0,0,0,1,1,1,1,1,1,1,0,0,0,0,0,1,0,0,0,0,0,14,0
tunein.com,0,0,1,5,0,0,0,0,0,1,1,1,1,1,1,1,0,0,0,0,0,1,0,0,0,0,0,9,0
torrentdn.com,0,0,1,2,0,0,0,0,0,1,1,1,1,1,1,1,0,0,0,0,0,1,0,0,0,0,0,12,0
searchengineland.com,0,0,1,1,0,0,0,0,0,1,1,1,1,1,1,0,0,0,0,0,0,1,0,0,0,0,0,19,0
nesn.com,0,0,1,3,0,0,0,0,0,1,1,1,0,1,1,0,0,0,0,0,0,1,0,0,0,0,0,7,0
paytm.com,0,0,1,2,0,1,0,0,0,1,1,1,1,1,1,0,0,0,0,0,0,1,0,0,0,0,0,8,0
torcache.net,0,0,1,2,0,0,0,0,0,1,1,1,1,1,1,0,0,0,0,0,0,1,0,0,0,0,0,11,0
metro.co.uk,0,0,1,4,0,0,0,0,0,1,1,1,0,1,1,0,0,0,0,0,0,2,0,0,0,0,0,9,0
censor.net.ua,0,0,1,14,0,0,0,0,0,1,1,1,0,1,1,0,0,0,0,0,0,2,0,0,0,0,0,11,0
depositphotos.com,0,0,1,1,0,0,0,0,0,1,1,1,0,1,1,0,0,0,0,0,0,1,0,0,0,0,0,16,0
thenextweb.com,0,0,1,6,0,0,0,0,0,1,1,1,0,1,1,0,0,0,0,0,0,1,0,0,0,0,0,13,0
putlocker.is,0,0,1,1,0,0,0,0,0,1,1,1,1,1,1,0,0,0,0,0,0,1,0,0,0,0,0,11,0
tunein.com,0,0,1,5,0,0,0,0,0,1,1,1,0,1,1,0,0,0,0,0,0,1,0,0,0,0,0,9,0
lifehacker.com,0,0,1,2,0,0,0,0,0,1,1,1,1,1,1,1,0,0,0,0,0,1,0,0,0,0,0,13,0
extratorrent.cc,0,0,1,3,0,0,0,0,0,1,1,1,1,1,1,1,0,0,0,0,0,1,0,0,0,0,0,14,0
mylust.com,0,0,1,3,0,0,1,0,0,1,1,1,1,1,1,1,0,0,0,0,0,1,0,0,0,0,0,9,0
buzzfil.net,0,0,1,3,0,0,0,0,0,1,1,1,1,1,1,1,0,0,0,0,0,1,0,0,0,0,0,10,0
censor.net.ua,0,0,1,3,0,0,0,0,0,1,1,1,0,1,1,0,0,0,0,0,0,2,0,0,0,0,0,11,0
ap.org,0,0,1,4,0,0,0,0,0,1,1,1,1,1,1,0,0,0,0,0,0,1,0,0,0,0,0,5,0
akhbarelyom.com,0,0,1,5,0,0,0,0,0,1,1,1,0,1,1,0,0,0,0,0,0,1,0,0,0,0,0,14,0
sourceforge.net,0,0,1,3,0,0,0,0,0,1,1,1,0,1,1,0,0,0,0,0,0,1,0,0,0,0,0,14,0
kakaku.com,0,0,1,6,0,0,0,0,0,1,1,1,0,1,1,0,0,0,0,0,0,1,0,0,0,0,0,9,0
jezebel.com,0,0,1,2,0,0,0,0,0,1,1,1,0,1,1,0,0,0,0,0,0,1,0,0,0,0,0,10,0
grantland.com,0,0,1,2,0,0,0,0,0,1,1,1,0,1,1,0,0,0,0,0,0,1,0,0,0,0,0,12,0
gov.uk,0,0,1,3,0,1,0,0,0,1,1,1,1,1,1,0,0,0,0,0,0,1,0,0,0,0,0,5,0
emgn.com,0,0,1,2,0,0,0,0,0,1,1,1,1,1,1,1,0,0,0,0,0,1,0,0,0,0,0,7,0
bdnews24.com,0,0,1,5,0,0,0,0,0,1,1,1,1,1,1,1,0,0,0,0,0,1,0,0,0,0,2,9,0
web.de,0,0,1,5,0,0,0,0,0,1,1,1,0,1,1,0,0,0,0,0,0,1,0,0,0,0,0,5,0
extratorrent.cc,0,0,1,3,0,0,0,0,0,1,1,1,1,1,1,1,0,0,0,0,0,1,0,0,0,0,0,14,0
torcache.net,0,0,1,2,0,0,0,0,0,1,1,1,1,1,1,0,0,0,0,0,0,1,0,0,0,0,0,11,0
twitter.com,0,0,1,1,0,1,0,0,0,1,1,1,1,1,1,0,0,0,0,0,0,1,0,0,0,0,0,10,0
seekingalpha.com,0,0,1,2,0,0,0,0,0,1,1,1,1,1,1,0,0,0,0,0,0,1,0,0,0,0,0,15,0
web.tv,0,0,1,8,0,0,0,0,0,1,1,1,1,1,1,1,0,0,0,0,0,1,0,0,0,0,0,5,0
indianexpress.com,0,0,1,4,0,0,0,0,0,1,1,1,0,1,1,0,0,0,0,0,0,1,0,0,0,0,0,16,0
web.de,0,0,1,5,0,0,0,0,0,1,1,1,0,1,1,0,0,0,0,0,0,1,0,0,0,0,0,5,0
olx.co.id,0,0,1,7,0,0,1,0,0,1,1,1,1,1,1,1,0,0,0,0,0,2,0,0,0,0,0,7,0
mylust.com,0,0,1,3,0,0,1,0,0,1,1,1,1,1,1,1,0,0,0,0,0,1,0,0,0,0,0,9,0
babal.net,0,0,1,4,0,0,0,0,0,1,1,1,1,1,1,0,0,0,0,0,0,1,0,0,0,0,0,8,0
techcrunch.com,0,0,1,4,0,0,0,0,0,1,1,1,0,1,1,0,0,0,0,0,0,1,0,0,0,0,0,13,0
distractify.com,0,0,1,10,0,0,0,0,0,1,1,1,0,1,1,0,0,0,0,0,0,1,0,0,0,0,0,14,0
kakaku.com,0,0,1,6,0,0,0,0,0,1,1,1,1,1,1,1,0,0,0,0,0,1,0,0,0,0,0,9,0
metro.co.uk,0,0,1,4,0,0,0,0,0,1,1,1,0,1,1,0,0,0,0,0,0,2,0,0,0,0,0,9,0
kienthuc.net.vn,0,0,1,2,0,0,0,0,0,1,1,1,0,1,1,0,0,0,0,0,0,2,0,0,0,0,0,13,0
web.de,0,0,1,5,0,0,0,0,0,1,1,1,0,1,1,0,0,0,0,0,0,1,0,0,0,0,0,5,0
thenextweb.com,0,0,1,6,0,0,0,0,0,1,1,1,0,1,1,0,0,0,0,0,0,1,0,0,0,0,0,13,0
gov.uk,0,0,1,3,0,1,0,0,0,1,1,1,1,1,1,0,0,0,0,0,0,1,0,0,0,0,0,5,0
olx.ua,0,0,1,4,0,0,0,0,0,1,1,1,1,1,1,1,0,0,0,0,0,1,0,0,0,0,0,5,0
olx.pl,0,0,1,3,0,0,0,0,0,1,1,1,1,1,1,1,0,0,0,0,0,1,0,0,0,0,0,5,0
babal.net,0,0,1,3,0,0,0,0,0,1,1,1,1,1,1,0,0,0,0,0,0,1,0,0,0,0,0,8,0
correios.com.br,0,0,1,4,0,0,0,0,0,1,1,1,1,1,1,1,0,0,0,0,0,2,0,0,0,0,0,13,0
myspace.com,0,0,1,5,0,1,0,0,0,1,1,1,1,1,1,0,0,0,0,0,0,1,0,0,0,0,0,10,0
indianexpress.com,0,0,1,3,0,0,0,0,0,1,1,1,1,1,1,1,0,0,0,0,0,1,0,0,0,0,0,16,0
web.de,0,0,1,5,0,0,0,0,0,1,1,1,0,1,1,0,0,0,0,0,0,1,0,0,0,0,0,5,0
olx.in,0,0,1,3,0,0,0,0,0,1,1,1,1,1,1,1,0,0,0,0,0,1,0,0,0,0,0,5,0
squarespace.com,0,0,1,5,0,0,0,0,0,1,1,1,0,1,1,1,0,0,0,0,0,1,0,0,0,0,0,14,0
privatbank.ua,0,0,1,4,0,1,0,0,0,1,1,1,0,1,1,0,0,0,0,0,0,1,0,0,0,0,0,12,0
distractify.com,0,0,1,10,0,0,0,0,0,1,1,1,0,1,1,0,0,0,0,0,0,1,0,0,0,0,0,14,0
tunein.com,0,0,1,5,0,0,0,0,0,1,1,1,0,1,1,1,0,0,0,0,0,1,0,0,0,0,0,9,0
thenextweb.com,0,0,1,6,0,0,0,0,0,1,1,1,0,1,1,0,0,0,0,0,0,1,0,0,0,0,0,13,0
torcache.net,0,0,1,2,0,0,0,0,0,1,1,1,1,1,1,0,0,0,0,0,0,1,0,0,0,0,0,11,0
distractify.com,0,0,1,10,0,0,0,0,0,1,1,1,0,1,1,0,0,0,0,0,0,1,0,0,0,0,0,14,0
extratorrent.cc,0,0,1,3,0,0,0,0,0,1,1,1,1,1,1,1,0,0,0,0,0,1,0,0,0,0,0,14,0
xhamster.com,0,0,1,3,0,0,0,0,0,1,1,1,1,1,1,1,0,0,0,0,0,1,0,0,0,0,0,11,0
perezhilton.com,0,0,1,1,0,0,0,0,0,1,1,1,1,1,1,1,0,0,0,0,0,1,0,0,0,0,0,14,0
comicbook.com,0,0,1,4,0,0,0,0,0,1,1,1,1,1,1,0,0,0,0,0,0,1,0,0,0,0,0,12,0
paytm.com,0,0,1,8,0,1,0,0,0,1,1,1,1,1,1,0,0,0,0,0,0,1,0,0,0,0,0,8,0
grantland.com,0,0,1,2,0,0,0,0,0,1,1,1,0,1,1,0,0,0,0,0,0,1,0,0,0,0,0,12,0
distractify.com,0,0,1,10,0,0,0,0,0,1,1,1,0,1,1,0,0,0,0,0,0,1,0,0,0,0,0,14,0
thenextweb.com,0,0,1,6,0,0,0,0,0,1,1,1,0,1,1,0,0,0,0,0,0,1,0,0,0,0,0,13,0
icicibank.com,0,0,1,5,0,0,0,0,0,1,1,1,1,1,1,0,0,0,0,0,0,1,0,0,0,0,0,12,0
deadspin.com,0,0,1,2,0,0,0,0,0,1,1,1,0,1,1,0,0,0,0,0,0,1,0,0,0,0,0,11,0
udn.com,0,0,1,4,0,0,0,0,0,1,1,1,0,1,1,0,0,0,0,0,0,1,0,0,0,0,0,6,0
bestblackhatforum.com,0,0,1,1,0,0,0,0,0,1,1,1,1,1,1,1,0,0,0,0,0,1,0,0,0,0,0,20,0
quizlet.com,0,0,1,1,0,1,1,0,0,1,1,1,1,1,1,0,0,0,0,0,0,1,0,0,0,0,0,10,0
depositphotos.com,0,0,1,2,0,0,0,0,0,1,1,1,0,1,1,0,0,0,0,0,0,1,0,0,0,0,0,16,0
pitchfork.com,0,0,1,3,0,0,0,0,0,1,1,1,0,1,1,0,0,0,0,0,0,1,0,0,0,0,0,12,0
emgn.com,0,0,1,2,0,0,0,0,0,1,1,1,1,1,1,1,0,0,0,0,0,1,0,0,0,0,0,7,0
katproxy.com,0,0,1,1,0,0,0,0,0,1,1,1,1,1,1,0,0,0,0,0,0,1,0,0,0,0,0,11,0
elitedaily.com,0,0,1,3,0,0,0,0,0,1,1,1,0,1,1,1,0,0,0,0,0,1,0,0,0,0,0,13,0
extratorrent.cc,0,0,1,3,0,0,0,0,0,1,1,1,1,1,1,1,0,0,0,0,0,1,0,0,0,0,0,14,0
pornsharing.com,0,0,1,1,0,0,0,0,0,1,1,1,1,1,1,0,0,0,0,0,0,1,0,0,0,0,0,14,0
thenextweb.com,0,0,1,7,0,0,0,0,0,1,1,1,0,1,1,0,0,0,0,0,0,1,0,0,0,0,0,13,0
distractify.com,0,0,1,10,0,0,0,0,0,1,1,1,0,1,1,0,0,0,0,0,0,1,0,0,0,0,0,14,0
atwiki.jp,0,0,1,2,0,0,0,0,0,1,1,1,1,1,1,1,0,0,0,0,0,1,0,0,0,0,0,8,0
codecanyon.net,0,0,1,4,0,0,0,0,0,1,1,1,0,1,1,1,0,0,0,0,0,1,0,0,0,0,0,13,0
interpark.com,0,0,1,2,0,0,0,0,0,1,1,1,1,1,1,1,0,0,0,0,0,1,0,0,0,0,0,12,0
gtbank.com,0,0,1,5,0,0,0,0,0,1,1,1,1,1,1,0,0,0,0,0,0,1,0,0,0,0,0,9,0
medium.com,0,1,1,2,0,1,0,0,0,1,1,1,1,1,1,1,0,0,0,0,0,1,0,0,0,0,0,9,0
torcache.net,0,0,1,2,0,0,0,0,0,1,1,1,1,1,1,0,0,0,0,0,0,1,0,0,0,0,0,11,0
correios.com.br,0,1,1,8,0,0,0,0,0,1,1,1,0,1,1,0,0,0,0,0,0,2,0,0,0,0,0,13,0
docs.google.com,0,0,1,5,0,1,0,0,0,1,1,1,0,1,1,0,1,0,0,0,0,2,0,0,0,0,0,13,0
s-teamg.com,0,0,0,3,0,1,0,1,0,1,1,1,1,1,1,1,1,1,0,0,0,1,0,0,0,0,0,9,0
cloudflare-ipfs.com,0,0,1,2,0,1,0,1,0,1,1,1,0,1,1,0,1,1,0,0,0,1,0,0,0,0,0,17,0
bafybeictw2hplh3akxmcbsiibnh6lrp7xgw7msarpxov25jdhksy3o5qaa.ipfs.cf-ipfs.com,0,0,1,0,0,1,0,1,0,1,1,1,0,1,1,0,1,1,0,0,0,3,0,0,0,0,9,63,0
brwtihfyemdrt.web.app,0,0,0,0,0,1,0,0,0,1,1,1,1,1,1,0,1,0,0,0,0,2,0,0,0,0,0,19,0
click.pstmrk.it,0,0,1,6,0,1,0,0,0,1,1,1,1,1,1,1,1,0,0,0,0,2,0,0,0,0,0,13,0
cloudflare-ipfs.com,0,0,1,2,0,1,0,1,0,1,1,1,1,1,1,1,1,1,0,0,0,1,0,0,0,0,0,17,0
bafybeig3tm7gtkz5abjlu4ucvimk6iutcbpqd6kaj2mot2qghqj3asger4.ipfs.cf-ipfs.com,0,0,1,0,0,1,0,1,0,1,1,1,0,1,1,0,1,1,0,0,0,3,0,0,0,0,10,62,0
sites.google.com,0,0,0,3,0,1,0,0,0,1,1,1,1,1,1,1,1,0,0,0,0,2,0,0,0,0,0,14,0
docs.google.com,0,0,1,5,0,1,0,0,0,1,1,1,0,1,1,0,1,0,0,0,0,2,0,0,0,0,0,13,0
dsan97.webwave.dev,0,0,0,0,0,1,0,0,0,1,1,1,1,1,1,0,1,0,0,0,0,2,0,0,0,0,2,14,0
intzuhsienni.wixsite.com,0,0,0,1,0,1,0,0,0,1,1,1,0,1,1,0,1,0,0,0,0,2,0,0,0,0,0,22,0
p4xnci.webwave.dev,0,0,0,0,0,1,0,0,0,1,1,1,1,1,1,0,1,0,0,0,0,2,0,0,0,0,1,15,0
login-uhaul.net,0,0,0,0,0,0,0,1,0,1,1,1,0,1,1,0,1,1,0,0,0,1,0,0,0,0,0,13,0
terbboveagri.firebaseapp.com,0,0,0,0,0,1,0,0,0,1,1,1,1,1,1,0,1,0,0,0,0,2,0,0,0,0,0,26,0
pub-7d8b8f82cb3c4672b052c5b4d01dd14c.r2.dev,0,0,1,1,0,1,0,1,0,1,1,1,1,1,1,0,1,1,0,0,0,2,0,0,0,0,20,20,0
bit.ly,0,0,0,1,0,1,1,0,0,1,1,1,0,1,1,0,1,0,0,0,0,1,0,0,0,0,0,5,0
page-reload-10002342353.firebaseapp.com,0,0,0,0,0,1,0,1,0,1,1,1,1,1,1,0,1,2,0,0,0,2,0,0,0,0,11,24,0
particulares-netbancosantander.firebaseapp.com,0,0,1,0,0,1,0,1,0,1,1,1,1,1,1,0,1,1,0,0,0,2,0,0,0,0,0,43,0
correos360.api-service-tracking.top,0,0,0,0,0,1,0,1,0,1,1,1,1,1,1,1,1,2,0,0,0,2,0,0,0,0,3,28,0
2836db27.index-asv.pages.dev,0,0,0,0,0,1,0,1,0,1,1,1,0,1,1,0,1,1,0,0,0,3,0,0,0,0,6,18,0
rogers-102696.weeblysite.com,0,0,0,0,0,1,0,1,0,1,1,1,1,1,1,1,1,1,0,0,0,2,0,0,0,0,6,19,0
cloudflare-ipfs.com,0,0,1,2,0,1,0,1,0,1,1,1,1,1,1,1,1,1,0,0,0,1,0,0,0,0,0,17,0
klsnjdoiwfweixinqyeiucom.cn,0,0,0,0,0,1,0,0,0,1,1,1,1,1,1,1,1,0,0,0,0,1,0,0,0,0,0,26,0
mypblife.com,0,1,1,3,0,0,0,0,0,1,1,1,1,1,1,0,1,0,0,0,0,1,0,0,0,0,0,11,0
cloudflare-ipfs.com,0,0,1,2,0,1,0,1,0,1,1,1,1,1,1,1,1,1,0,0,0,1,0,0,0,0,0,17,0
mail-105658.weeblysite.com,0,0,0,0,0,1,0,1,0,1,1,1,1,1,1,1,1,1,0,0,0,2,0,0,0,0,6,17,0
bafybeia2qg2uxylrtefrebkn7uj6zfaxdrvx5u3e2mo67lecmz6kgxyycq.ipfs.dweb.link,0,0,1,0,0,1,0,0,0,1,1,1,1,1,1,1,1,0,0,0,0,3,0,0,0,0,10,61,0
lieanemsngute.webcindario.com,0,0,0,0,0,1,0,0,0,1,1,1,1,1,1,1,1,0,0,0,0,2,0,0,0,0,0,27,0
juno-105405.weeblysite.com,0,0,0,0,0,1,0,1,0,1,1,1,1,1,1,1,1,1,0,0,0,2,0,0,0,0,6,17,0
site9608304.92.webydo.com,0,0,0,0,0,0,0,0,0,1,1,1,1,1,1,0,1,0,0,0,0,3,0,0,0,0,9,13,0
qr.paps.jp,0,0,0,1,0,1,0,0,0,1,1,1,0,1,1,0,1,0,0,0,0,2,0,0,0,0,0,8,0
authorise-added-device.firebaseapp.com,0,0,0,0,0,1,0,1,0,1,1,1,1,1,1,0,1,2,0,0,0,2,0,0,0,0,0,34,0
cancelar-bg.webcindario.com,0,0,0,0,0,1,0,1,0,1,1,1,1,1,1,1,1,1,0,0,0,2,0,0,0,0,0,24,0
bafybeigcyoanawq5dguze4zm7szcdwh43gjk6l5li6zt7g7xbcbsrtqyp4.ipfs.cf-ipfs.com,0,0,1,0,0,1,0,1,0,1,1,1,0,1,1,0,1,1,0,0,0,3,0,0,0,0,11,61,0
bit.ly,0,0,0,1,0,1,1,0,0,1,1,1,0,1,1,0,1,0,0,0,0,1,0,0,0,0,0,5,0
ipfs.eth.aragon.network,0,0,1,3,0,1,0,0,0,1,1,1,1,1,1,1,1,0,0,0,0,3,0,0,0,0,0,20,0
cloudflare-ipfs.com,0,0,1,2,0,1,0,1,0,1,1,1,0,1,1,0,1,1,0,0,0,1,0,0,0,0,0,17,0
xep.li,0,0,0,1,0,1,0,0,0,1,1,1,1,1,1,0,1,0,0,0,0,1,0,0,0,0,0,5,0
uspz.uspsac.top,0,0,0,0,0,1,0,0,0,1,1,1,1,1,1,1,1,0,0,0,0,2,0,0,0,0,0,13,0
sites.google.com,0,0,1,3,0,1,0,0,0,1,1,1,0,1,1,1,1,0,0,0,0,2,0,0,0,0,0,14,0
vguhkn.6jv2gpm0b1551.workers.dev,0,0,0,0,0,1,0,0,0,1,1,1,0,1,1,0,1,0,0,0,0,3,0,0,0,0,7,22,0
nouxtot.firebaseapp.com,0,0,0,0,0,1,0,0,0,1,1,1,1,1,1,0,1,0,0,0,0,2,0,0,0,0,0,21,0
docs.google.com,0,0,1,5,0,1,0,0,0,1,1,1,1,1,1,0,1,0,0,0,0,2,0,0,0,0,0,13,0
bafybeihg5ltv2ojv24duqqpk2amjcwtwqt4baysag4cjigypow3sy3bsdq.ipfs.cf-ipfs.com,0,0,1,0,0,1,0,1,0,1,1,1,1,1,1,1,1,1,0,0,0,3,0,0,0,0,9,63,0
cod916-bn-cr.webcindario.com,0,0,0,0,0,1,0,1,0,1,1,1,1,1,1,1,1,2,0,0,0,2,0,0,0,0,3,21,0
should-do-it-now3545438.io.vn,0,0,0,0,0,1,0,1,0,1,1,1,1,1,1,1,1,3,0,0,0,2,0,0,0,0,7,17,0
essschools.com,0,0,1,5,0,1,0,0,0,1,1,1,1,1,1,0,1,0,0,0,0,1,0,0,0,0,0,13,0
icebps.com.co,0,0,1,5,0,1,0,0,0,1,1,1,1,1,1,1,1,0,0,0,0,2,0,0,0,0,0,11,0
glassdoctor.pages.dev,0,0,0,0,0,1,0,0,0,1,1,1,1,1,1,0,1,0,0,0,0,2,0,0,0,0,0,19,0
login-screen-104654.weeblysite.com,0,0,0,0,0,1,0,1,0,1,1,1,1,1,1,1,1,2,0,0,0,2,0,0,0,0,6,24,0
yimba.000webhostapp.com,0,0,0,1,0,0,0,0,0,1,1,1,0,1,1,0,1,0,0,0,0,2,0,0,0,0,3,18,0
www-gerenciador-cxpj-gov.blogspot.com,0,0,0,0,0,1,1,1,0,1,1,1,1,1,1,1,1,3,0,0,0,2,0,0,0,1,0,32,0
failed-recipient-add.firebaseapp.com,0,0,0,0,0,1,0,1,0,1,1,1,1,1,1,0,1,2,0,0,0,2,0,0,0,0,0,32,0
cloudflare-ipfs.com,0,1,1,2,0,1,0,1,0,1,1,1,1,1,1,1,1,1,0,0,0,1,0,0,0,0,0,17,0
bafybeibiyalzwvmlisgut224jjcwotnkuezs7sdyzvishg43lzsx5l3gtm.ipfs.cf-ipfs.com,0,0,1,0,0,1,0,1,0,1,1,1,0,1,1,0,1,1,0,0,0,3,0,0,0,0,8,64,0
docs.google.com,0,0,1,5,0,1,0,0,0,1,1,1,1,1,1,0,1,0,0,0,0,2,0,0,0,0,0,13,0
ipfs.best-practice.se,0,0,1,2,0,1,0,1,0,1,1,1,1,1,1,0,1,1,0,0,0,2,0,0,0,0,0,18,0
hotm.art,0,0,0,1,0,1,0,0,0,1,1,1,1,1,1,1,1,0,0,0,0,1,0,0,0,0,0,7,0
site9613904.92.webydo.com,0,0,0,0,0,0,0,0,0,1,1,1,1,1,1,0,1,0,0,0,0,3,0,0,0,0,9,13,0
aruba.sys-auth-service.net,0,0,0,0,0,0,0,1,0,1,1,1,1,1,1,1,1,2,0,0,0,2,0,0,0,0,0,22,0
l.ead.me,0,0,0,1,0,1,0,0,0,1,1,1,1,1,1,0,1,0,0,0,0,2,0,0,0,0,0,6,0
new.express.adobe.com,0,0,0,2,0,1,0,0,0,1,1,1,1,1,1,1,1,0,0,0,0,3,0,0,0,0,0,18,0
docs.google.com,0,0,1,5,0,1,0,0,0,1,1,1,1,1,1,1,1,0,0,0,0,2,0,0,0,0,0,13,0
bafybeihehvn4zrkq557moqnj3pgwj5vepea7x3v5coirxwiz6qz4rvwe4m.ipfs.cf-ipfs.com,0,0,1,0,0,1,0,1,0,1,1,1,1,1,1,1,1,1,0,0,0,3,0,0,0,0,12,60,0
inc-101216.weeblysite.com,0,0,0,0,0,1,0,1,0,1,1,1,1,1,1,1,1,1,0,0,0,2,0,0,0,0,6,16,0
cloudflare-ipfs.com,0,0,1,2,0,1,0,1,0,1,1,1,1,1,1,0,1,1,0,0,0,1,0,0,0,0,0,17,0
drop-jasmy.com,0,0,0,0,0,0,0,1,0,1,1,1,1,1,1,1,1,1,0,0,0,1,0,0,0,0,0,12,0
shorturl.at,0,0,0,1,0,0,0,0,0,1,1,1,0,1,1,1,1,0,0,0,0,1,0,0,0,0,0,10,0
mail-101494.weeblysite.com,0,0,0,0,0,1,0,1,0,1,1,1,1,1,1,1,1,1,0,0,0,2,0,0,0,0,6,17,0
life-concil-wpqus.surge.sh,0,0,0,1,0,1,0,1,0,1,1,1,1,1,1,1,1,2,0,0,0,2,0,0,0,0,0,22,0
ipfs.eth.aragon.network,0,0,1,2,0,1,0,0,0,1,1,1,1,1,1,1,1,0,0,0,0,3,0,0,0,0,0,20,0
btinternet-109018.weeblysite.com,0,0,0,0,0,1,0,1,0,1,1,1,1,1,1,1,1,1,0,0,0,2,0,0,0,0,6,23,0
ipfs.eth.aragon.network,0,0,1,2,0,1,0,0,0,1,1,1,1,1,1,0,1,0,0,0,0,3,0,0,0,0,0,20,0
ipfs.best-practice.se,0,0,1,2,0,1,0,1,0,1,1,1,1,1,1,0,1,1,0,0,0,2,0,0,0,0,0,18,0
cloudflare-ipfs.com,0,0,1,2,0,1,0,1,0,1,1,1,1,1,1,0,1,1,0,0,0,1,0,0,0,0,0,17,0
gateway.ipfs.io,0,0,1,2,0,1,0,0,0,1,1,1,1,1,1,0,1,0,0,0,0,2,0,0,0,0,0,13,0
new.express.adobe.com,0,0,0,2,0,1,0,0,0,1,1,1,1,1,1,1,1,0,0,0,0,3,0,0,0,0,0,18,0
sobremesad397h.online,0,0,0,1,0,1,0,0,0,1,1,1,1,1,1,1,1,0,0,0,0,1,0,0,0,0,3,17,0
pub-209345b9157d410bab2467420066777d.r2.dev,0,0,1,1,0,1,0,1,0,1,1,1,0,1,1,0,1,1,0,0,0,2,0,0,0,0,27,13,0
dschindewolf.myportfolio.com,0,0,0,0,0,1,0,0,0,1,1,1,0,1,1,0,1,0,0,0,0,2,0,0,0,0,0,26,0
script.google.com,0,0,1,4,0,1,0,0,0,1,1,1,0,1,1,0,1,0,0,0,0,2,0,0,0,0,0,15,0
calinoukids.com,0,0,1,4,0,1,0,0,0,1,1,1,1,1,1,1,1,0,0,0,0,1,0,0,0,0,0,14,0
isitprivatelfr.firebaseapp.com,0,0,0,0,0,1,0,0,0,1,1,1,1,1,1,0,1,0,0,0,0,2,0,0,0,0,0,28,0
seespa-am-bodensee.de,0,0,0,0,0,1,0,1,0,1,1,1,1,1,1,1,1,2,0,0,0,1,0,0,0,0,0,18,0
coiinebasepr0lo-gin.godaddysites.com,0,0,0,0,0,1,0,1,0,1,1,1,1,1,1,0,1,1,0,0,0,2,0,0,0,0,1,32,0
ipfs.eth.aragon.network,0,0,1,2,0,1,0,0,0,1,1,1,1,1,1,0,1,0,0,0,0,3,0,0,0,0,0,20,0
bit.ly,0,0,0,1,0,1,1,0,0,1,1,1,1,1,1,1,1,0,0,0,0,1,0,0,0,0,0,5,0
outlook-100138.weeblysite.com,0,0,0,0,0,1,0,1,0,1,1,1,0,1,1,0,1,1,0,0,0,2,0,0,0,0,6,20,0
nftstorage.link,0,0,1,3,0,1,0,0,0,1,1,1,0,1,1,0,1,0,0,0,0,1,0,0,0,0,0,14,0
new.express.adobe.com,0,0,0,2,0,1,0,0,0,1,1,1,1,1,1,1,1,0,0,0,0,3,0,0,0,0,0,18,0
toll-5f0.web.app,0,0,0,0,0,1,0,1,0,1,1,1,1,1,1,0,1,1,0,0,0,2,0,0,0,0,2,11,0
cf-ipfs.com,0,0,1,2,0,1,0,1,0,1,1,1,1,1,1,1,1,1,0,0,0,1,0,0,0,0,0,9,0
my-loyola.com,0,0,0,0,0,0,0,1,0,1,1,1,1,1,1,1,1,1,0,0,0,1,0,0,0,0,0,11,0
docs.google.com,0,0,1,5,0,1,0,0,0,1,1,1,0,1,1,0,1,0,0,0,0,2,0,0,0,0,0,13,0
connectdappfix.pages.dev,0,0,0,0,0,1,0,0,0,1,1,1,1,1,1,1,1,0,0,0,0,2,0,0,0,0,0,22,0
security-page-community-standards.blogspot.com,0,0,1,0,0,1,1,1,0,1,1,1,1,1,1,1,1,3,0,0,0,2,0,0,0,0,0,41,0
wesley23-102961.weeblysite.com,0,0,0,0,0,1,0,1,0,1,1,1,1,1,1,1,1,1,0,0,0,2,0,0,0,0,8,19,0
site9615272.92.webydo.com,0,0,0,0,0,0,0,0,0,1,1,1,1,1,1,0,1,0,0,0,0,3,0,0,0,0,9,13,0
valid-pichincha.webcindario.com,0,0,1,2,0,1,0,1,0,1,1,1,1,1,1,1,1,1,0,0,0,2,0,0,0,0,0,28,0
hello-world-restless-cloud-79b9.mcaunter2244.workers.dev,0,0,1,0,0,1,0,1,0,1,1,1,0,1,1,0,1,4,0,0,0,3,0,0,0,0,7,42,0
sssogoodaaddyyccom.weebly.com,0,0,0,0,0,1,0,0,0,1,1,1,0,1,1,0,1,0,0,0,0,2,0,0,0,0,0,27,0
bafkreif4cwc5skxhke7mswto2y2ibgbdydrbrpi2gyjnwybhw3vb27ys3e.ipfs.cf-ipfs.com,0,0,1,0,0,1,0,1,0,1,1,1,1,1,1,1,1,1,0,0,0,3,0,0,0,0,10,62,0
sign-in-att-106831.weeblysite.com,0,0,0,0,0,1,0,1,0,1,1,1,1,1,1,1,1,3,0,0,0,2,0,0,0,0,6,22,0
nftstorage.link,0,0,1,2,0,1,0,0,0,1,1,1,1,1,1,0,1,0,0,0,0,1,0,0,0,0,0,14,0
erpf-eis.cfd,0,0,0,0,0,1,0,1,0,1,1,1,1,1,1,1,1,1,0,0,0,1,0,0,0,0,0,10,0
bov-signin.web.app,0,0,0,0,0,1,0,1,0,1,1,1,1,1,1,0,1,1,0,0,0,2,0,0,0,0,0,15,0
ipfs.eth.aragon.network,0,0,1,3,0,1,0,0,0,1,1,1,1,1,1,0,1,0,0,0,0,3,0,0,0,0,0,20,0
attcom-102882.weeblysite.com,0,0,0,0,0,1,0,1,0,1,1,1,1,1,1,1,1,1,0,0,0,2,0,0,0,0,6,19,0
telstra-104956.weeblysite.com,0,0,0,0,0,1,0,1,0,1,1,1,1,1,1,1,1,1,0,0,0,2,0,0,0,0,6,20,0
bt-105891.weeblysite.com,0,0,0,0,0,1,0,1,0,1,1,1,1,1,1,1,1,1,0,0,0,2,0,0,0,0,6,15,0
telstra-104968.weeblysite.com,0,0,0,0,0,1,0,1,0,1,1,1,1,1,1,1,1,1,0,0,0,2,0,0,0,0,6,20,0
issuses0ppl-n71rfwviwa.live-website.com,0,0,1,4,0,1,0,1,0,1,1,1,1,1,1,1,1,2,0,0,0,2,0,0,0,0,3,32,0
home4serve-105926.square.site,0,0,0,0,0,1,0,1,0,1,1,1,1,1,1,1,1,1,0,0,0,2,0,0,0,0,7,19,0
gedprefeituraimbituva.com.br,0,0,0,1,0,1,0,0,0,1,1,1,1,1,1,0,1,0,0,0,0,2,0,0,0,0,0,26,0
bafybeigrfuggitdgz5ohvmhsevtbcq3az7rjje7ovsjcns322ktuyjzm4q.ipfs.cf-ipfs.com,0,0,1,0,0,1,0,1,0,1,1,1,1,1,1,1,1,1,0,0,0,3,0,0,0,0,8,64,0
129.226.211.41,0,0,1,1,1,1,0,0,0,1,1,1,0,1,1,0,1,0,0,0,0,3,0,0,0,0,11,0,0
ipfs.io,0,0,1,2,0,1,0,0,0,1,1,1,1,1,1,0,1,0,0,0,0,1,0,0,0,0,0,6,0
attnet-104958.weeblysite.com,0,0,0,0,0,1,0,1,0,1,1,1,1,1,1,1,1,1,0,0,0,2,0,0,0,0,6,19,0
tinyurl.com,0,0,0,1,0,1,1,0,0,1,1,1,0,1,1,0,1,0,0,0,0,1,0,0,0,0,0,10,0
bafkreibl2cn2ygqgbxyh72qvpau6arovfafjmjzc7vwypnnwyyyhtdrclq.ipfs.cf-ipfs.com,0,0,1,0,0,1,0,1,0,1,1,1,1,1,1,0,1,1,0,0,0,3,0,0,0,0,6,66,0
bafkreiemgk7k5k57ogylay7eg23wzhuvetmv4zxxbwfufosb55hylscl44.ipfs.cf-ipfs.com,0,0,1,0,0,1,0,1,0,1,1,1,1,1,1,0,1,1,0,0,0,3,0,0,0,0,12,60,0
drooldirectory.com,0,0,0,0,0,1,0,0,0,1,1,1,1,1,1,1,1,0,0,0,0,1,0,0,0,0,0,17,0
mybill-web.com,0,0,0,0,0,1,0,1,0,1,1,1,0,1,1,0,1,1,0,0,0,1,0,0,0,0,0,12,0
koho.addwisers.com,0,0,0,0,0,0,0,0,0,1,1,1,1,1,1,1,1,0,0,0,0,2,0,0,0,0,0,16,0
cowboyboots.site,0,0,0,1,0,1,0,0,0,1,1,1,1,1,1,1,1,0,0,0,0,1,0,0,0,0,0,15,0
bsogenverif.firebaseapp.com,0,0,0,0,0,1,0,0,0,1,1,1,1,1,1,0,1,0,0,0,0,2,0,0,0,0,0,25,0
new.express.adobe.com,0,0,0,2,0,1,0,0,0,1,1,1,1,1,1,1,1,0,0,0,0,3,0,0,0,0,0,18,0
dropboxupload1.firebaseapp.com,0,0,0,0,0,1,0,0,0,1,1,1,1,1,1,0,1,0,0,0,0,2,0,0,0,0,1,27,0
ljdcfvthyj.pages.dev,0,0,1,0,0,1,0,0,0,1,1,1,0,1,1,0,1,0,0,0,0,2,0,0,0,0,0,18,0
env-3398182.clicketcloud.com,0,0,1,0,1,1,0,1,0,1,1,1,1,1,1,0,1,1,0,0,0,2,0,0,0,0,7,18,0
site9613602.92.webydo.com,0,0,0,0,0,0,0,0,0,1,1,1,1,1,1,0,1,0,0,0,0,3,0,0,0,0,9,13,0
bafybeifvzv3utxtaej74fmftag32jf2t6u7zv75qbojri4hagfwn5ecbpm.ipfs.cf-ipfs.com,0,0,1,0,0,1,0,1,0,1,1,1,0,1,1,0,1,1,0,0,0,3,0,0,0,0,12,60,0
sign-in-100857.weeblysite.com,0,0,0,0,0,1,0,1,0,1,1,1,0,1,1,0,1,2,0,0,0,2,0,0,0,0,6,19,0
ipfs.eth.aragon.network,0,0,1,3,0,1,0,0,0,1,1,1,1,1,1,0,1,0,0,0,0,3,0,0,0,0,0,20,0
docs.google.com,0,0,1,5,0,1,0,0,0,1,1,1,0,1,1,0,1,0,0,0,0,2,0,0,0,0,0,13,0
38493uui291oi119.hyperphp.com,0,0,0,0,0,0,0,0,0,1,1,1,1,1,1,0,1,0,0,0,0,2,0,0,0,0,11,16,0
voice-note-df868.web.app,0,0,0,0,0,1,0,1,0,1,1,1,0,1,1,0,1,2,0,0,0,2,0,0,0,0,3,17,0
svadba-na-kipre.com,0,0,0,1,0,1,0,1,0,1,1,1,1,1,1,1,1,2,0,0,0,1,0,0,0,0,0,16,0
technicalissuestobereslved.000webhostapp.com,0,0,1,1,0,1,0,0,0,1,1,1,0,1,1,0,1,0,0,0,0,2,0,0,0,0,3,39,0
cd-platmorm.web.app,0,0,0,1,0,1,0,1,0,1,1,1,0,1,1,0,1,1,0,0,0,2,0,0,0,0,0,16,0
cwu7w6.webwave.dev,0,0,0,0,0,1,0,0,0,1,1,1,1,1,1,0,1,0,0,0,0,2,0,0,0,0,2,14,0
shfragricole.firebaseapp.com,0,0,0,0,0,1,0,0,0,1,1,1,1,1,1,0,1,0,0,0,0,2,0,0,0,0,0,26,0
milliondollarmood-1320008508.cos.na-ashburn.myqcloud.com,0,0,1,1,0,1,0,1,0,1,1,1,1,1,1,1,1,2,0,0,0,4,0,0,0,0,10,40,0
controllowebapp.com,0,0,0,0,0,0,0,0,0,1,1,1,1,1,1,1,1,0,0,0,0,1,0,0,0,0,0,18,0
ionos.po039d0021.com,0,0,0,2,0,1,0,0,0,1,1,1,1,1,1,1,1,0,0,0,0,2,0,0,0,0,7,11,0
bafybeie3c5fmnf3xkm65adghkvyxjb634xam5j4r7r3mymzzt7lsokobba.ipfs.cf-ipfs.com,0,0,1,0,0,1,0,1,0,1,1,1,1,1,1,1,1,1,0,0,0,3,0,0,0,0,13,59,0
bafybeia4a57n4elyesqjzwbvkidvbledowwfdi3mt6vabduy3j6xw5p6be.ipfs.dweb.link,0,0,1,0,0,1,0,0,0,1,1,1,1,1,1,0,1,0,0,0,0,3,0,0,0,0,10,61,0
cloudflare-ipfs.com,0,0,1,3,0,1,0,1,0,1,1,1,1,1,1,1,1,1,0,0,0,1,0,0,0,0,0,17,0
cf-ipfs.com,0,0,1,2,0,1,0,1,0,1,1,1,1,1,1,1,1,1,0,0,0,1,0,0,0,0,0,9,0
Saks.kz,0,0,0,0,0,0,0,0,0,1,1,1,0,1,1,0,1,0,0,0,0,1,0,0,0,0,0,6,0
forms.office.com,0,0,1,2,0,1,0,0,0,1,1,1,0,1,1,0,1,0,0,0,0,2,0,0,0,0,0,14,0
pub-8d49eab441d74c60b78c09c26f00bace.r2.dev,0,1,1,1,0,1,1,1,0,1,1,1,0,1,1,0,1,1,0,0,0,2,0,0,0,0,19,21,0
129.226.211.41,0,0,1,3,0,1,0,0,0,1,1,1,1,1,1,1,1,0,0,0,0,3,0,0,0,0,11,0,0
flat-fire-7ec0.nluergriho8053.workers.dev,0,0,0,0,0,1,0,1,0,1,1,1,0,1,1,0,1,2,0,0,0,3,0,0,0,0,6,30,0
scdelsur.com.ar,0,0,0,3,0,1,0,0,0,1,1,1,1,1,1,1,1,0,0,0,0,2,0,0,0,0,0,13,0
rackserve-1.weebly.com,0,0,0,0,0,1,0,1,0,1,1,1,0,1,1,0,1,1,0,0,0,2,0,0,0,0,1,18,0
ipfs.eth.aragon.network,0,0,1,2,0,1,0,0,0,1,1,1,1,1,1,0,1,0,0,0,0,3,0,0,0,0,0,20,0
sumagayathri-999.github.io,0,0,0,1,0,1,0,1,0,1,1,1,1,1,1,0,1,1,0,0,0,2,0,0,0,0,3,20,0
cdcfl-zcmp.campaign-view.eu,0,0,1,2,0,1,0,1,0,1,1,1,1,1,1,0,1,2,0,0,0,2,0,0,0,0,0,23,0
bafybeihswiwzjygla4d5yupchteezg5enqy4npdrovg3sjbjuf7p64nbpa.ipfs.cf-ipfs.com,0,0,1,0,0,1,0,1,0,1,1,1,1,1,1,1,1,1,0,0,0,3,0,0,0,0,8,64,0
bafybeidjy52xng4pvpnhr6jmuasuezcbutonuniqcilannzkq7yhdcffgq.ipfs.cf-ipfs.com,0,0,1,1,0,1,0,1,0,1,1,1,0,1,1,0,1,1,0,0,0,3,0,0,0,0,5,67,0
new.express.adobe.com,0,0,0,2,0,1,0,0,0,1,1,1,1,1,1,1,1,0,0,0,0,3,0,0,0,0,0,18,0
pub-d0f1967a51f34a8c9a5eea137dcee527.r2.dev,0,0,1,1,0,1,0,1,0,1,1,1,1,1,1,0,1,1,0,0,0,2,0,0,0,0,19,21,0
attcom-104553.weeblysite.com,0,0,0,0,0,1,0,1,0,1,1,1,1,1,1,1,1,1,0,0,0,2,0,0,0,0,6,19,0
docs.google.com,0,0,1,5,0,1,0,0,0,1,1,1,1,1,1,1,1,0,0,0,0,2,0,0,0,0,0,13,0
mailibex0b.weeblysite.com,0,0,0,0,0,1,0,0,0,1,1,1,1,1,1,1,1,0,0,0,0,2,0,0,0,0,1,22,0
login-poocoin-platform-exch.blogspot.com,0,0,0,0,0,1,1,1,0,1,1,1,1,1,1,1,1,3,0,0,0,2,0,0,0,0,0,35,0
check-s.net,0,0,0,0,0,1,0,1,0,1,1,1,1,1,1,1,1,1,0,0,0,1,0,0,0,0,0,9,0
clouds-cake-4525.teairncakli.workers.dev,0,0,1,1,0,1,0,1,0,1,1,1,1,1,1,0,1,2,0,0,0,3,0,0,0,0,4,31,0
myksihnw.mypict1.com,0,0,0,0,0,1,0,0,0,1,1,1,1,1,1,0,1,0,0,0,0,2,0,0,0,0,1,17,0
cf-ipfs.com,0,0,1,2,0,1,0,1,0,1,1,1,1,1,1,1,1,1,0,0,0,1,0,0,0,0,0,9,0
ro12rq.hyperphp.com,0,0,0,0,0,0,0,0,0,1,1,1,1,1,1,0,1,0,0,0,0,2,0,0,0,0,2,15,0
courreils55.weebly.com,0,0,0,0,0,1,0,0,0,1,1,1,0,1,1,0,1,0,0,0,0,2,0,0,0,0,2,18,0
bafkreidph5q6ortgfvnx5szcysmvphljhqbldsjah3yt34gf6gq3gz3lra.ipfs.cf-ipfs.com,0,0,1,0,0,1,0,1,0,1,1,1,1,1,1,1,1,1,0,0,0,3,0,0,0,0,9,63,0
tqigecaayo.duckdns.org,0,0,0,0,0,0,0,0,0,1,1,1,1,1,1,1,1,0,0,0,0,2,0,0,0,0,0,20,0
bafybeicplneqzkcqdntopcubwtqvhkpy3k5mqzkpddf4w2tfzspbpptaau.ipfs.nftstorage.link,0,0,1,0,0,1,0,0,0,1,1,1,0,1,1,0,1,0,0,0,0,3,0,0,0,0,4,73,0
pub-2649145f05604c9eb304dd404188e017.r2.dev,0,0,1,1,0,1,0,1,0,1,1,1,0,1,1,0,1,1,0,0,0,2,0,0,0,0,26,14,0
cloudflare-ipfs.com,0,0,1,3,0,1,0,1,0,1,1,1,1,1,1,1,1,1,0,0,0,1,0,0,0,0,0,17,0
webmail-103803.weeblysite.com,0,0,0,0,0,1,0,1,0,1,1,1,1,1,1,1,1,1,0,0,0,2,0,0,0,0,6,20,0
bafkreibaqjo77yilg6r55qu6q3yd3dg5tnydlnvk56ywnhbh3xjc2wpacm.ipfs.cf-ipfs.com,0,0,1,0,0,1,0,1,0,1,1,1,1,1,1,0,1,1,0,0,0,3,0,0,0,0,13,59,0
pub-0cfe3415fa8c4bf1a3062aea01c52f88.r2.dev,0,0,1,1,0,1,0,1,0,1,1,1,1,1,1,0,1,1,0,0,0,2,0,0,0,0,19,21,0
hergzomei.web.app,0,0,0,0,0,1,0,0,0,1,1,1,1,1,1,0,1,0,0,0,0,2,0,0,0,0,0,15,0
nononline.net,0,0,0,2,0,1,0,0,0,1,1,1,1,1,1,0,1,0,0,0,0,1,0,0,0,0,0,12,0
darin-ltd.com,0,0,0,0,0,0,0,1,0,1,1,1,1,1,1,0,1,1,0,0,0,1,0,0,0,0,0,11,0
sites.google.com,0,0,0,2,0,1,0,0,0,1,1,1,0,1,1,1,1,0,0,0,0,2,0,0,0,0,0,14,0
ups-tracking-id8456.line.pm,0,0,0,3,0,1,0,1,0,1,1,1,1,1,1,1,1,2,0,0,0,2,0,0,0,0,4,19,0
cloudflare-ipfs.com,0,0,1,2,0,1,0,1,0,1,1,1,1,1,1,0,1,1,0,0,0,1,0,0,0,0,0,17,0
transactionallawgro-1318439371.cos.sa-saopaulo.myqcloud.com,0,0,1,1,0,1,0,1,0,1,1,1,1,1,1,1,1,2,0,0,0,4,0,0,0,0,10,43,0
pub-223f4755bfba44d28051298b457ecfe4.r2.dev,0,0,1,1,0,1,0,1,0,1,1,1,1,1,1,0,1,1,0,0,0,2,0,0,0,0,22,18,0
fenixtapetes.com.br,0,0,1,3,0,1,0,0,0,1,1,1,1,1,1,1,1,0,0,0,0,2,0,0,0,0,0,17,0
app-id8109.firebaseapp.com,0,0,0,0,0,1,0,1,0,1,1,1,1,1,1,0,1,1,0,0,0,2,0,0,0,0,4,19,0
resona.benk.zgsw168.com,0,0,0,0,0,1,0,0,0,1,1,1,1,1,1,1,1,0,0,0,0,3,0,0,0,0,3,17,0
stowawaypay.com,0,0,0,0,0,0,0,0,0,1,1,1,1,1,1,1,1,0,0,0,0,1,0,0,0,0,0,14,0
wesdhjfkflf.weebly.com,0,0,0,0,0,1,0,0,0,1,1,1,1,1,1,0,1,0,0,0,0,2,0,0,0,0,0,20,0
cloudflare-ipfs.com,0,0,1,3,0,1,0,1,0,1,1,1,1,1,1,1,1,1,0,0,0,1,0,0,0,0,0,17,0
cf-ipfs.com,0,0,1,2,0,1,0,1,0,1,1,1,1,1,1,0,1,1,0,0,0,1,0,0,0,0,0,9,0
murlidharrope.com,0,0,0,0,0,1,0,0,0,1,1,1,1,1,1,0,1,0,0,0,0,1,0,0,0,0,0,16,0
cf-ipfs.com,0,0,1,2,0,1,0,1,0,1,1,1,1,1,1,0,1,1,0,0,0,1,0,0,0,0,0,9,0
cloudflare-ipfs.com,0,0,1,3,0,1,0,1,0,1,1,1,0,1,1,0,1,1,0,0,0,1,0,0,0,0,0,17,0
